participant_id,first_name,last_name,gender,race,ethnicity,marital_status,age,employment_status,monthly_income,education_level,num_dependents,housing_status,child_support,prior_arrests,prior_felonies,age_first_arrest,arrest_frequency,sanctions_count,incentives_count,risk_assessment_score,substance_use_frequency,trauma_score,ace_score,recidivism_3yr,program_status
DC-100000,Demo0,Participant0,Male,Black/African American,Non-Hispanic,Single,35,Unemployed,645.04,High School/GED,1,Transitional Housing,False,1,0,20,0.07,0,6,3.4,Daily,0.8,3,0,Active
DC-100001,Demo1,Participant1,Female,White,Non-Hispanic,Married,47,Unemployed,813.74,Less than High School,0,With Family,True,1,0,17,0.03,0,3,4.3,Rarely,1.2,8,0,Active
DC-100002,Demo2,Participant2,Female,White,Non-Hispanic,Single,39,Unemployed,909.41,Bachelor's,1,Stable Housing,False,1,0,28,0.09,0,7,6.3,Daily,1.6,3,0,Terminated
DC-100003,Demo3,Participant3,Male,White,Non-Hispanic,Single,29,Employed Part-Time,1406.46,Some College,3,Unstable Housing,True,5,1,18,0.45,1,3,5.0,Daily,2.7,4,1,Active
DC-100004,Demo4,Participant4,Male,White,Non-Hispanic,Single,36,Employed Full-Time,3658.92,High School/GED,1,Stable Housing,True,3,0,21,0.2,1,3,5.4,Weekly,5.7,3,1,Active
DC-100005,Demo5,Participant5,Male,Black/African American,Non-Hispanic,Single,31,Employed Full-Time,1693.58,Some College,2,Unstable Housing,False,3,0,11,0.15,1,1,4.7,Weekly,0.9,2,0,Graduated
DC-100006,Demo6,Participant6,Male,Black/African American,Non-Hispanic,Divorced,34,Disabled,644.63,Some College,1,With Family,False,3,0,15,0.16,2,3,3.6,Weekly,1.9,1,0,Active
DC-100007,Demo7,Participant7,Female,White,Non-Hispanic,Single,30,Unemployed,548.62,High School/GED,3,Stable Housing,True,0,0,14,0.0,0,9,2.5,Weekly,4.2,0,0,Active
DC-100008,Demo8,Participant8,Male,White,Hispanic,Separated,32,Unemployed,626.22,High School/GED,4,With Family,False,2,0,15,0.12,0,4,3.6,Weekly,0.3,5,0,Active
DC-100009,Demo9,Participant9,Female,Other,Non-Hispanic,Separated,36,Employed Full-Time,3339.98,Less than High School,1,Homeless,False,1,0,20,0.06,0,3,6.0,Rarely,2.2,2,0,Active
DC-100010,Demo10,Participant10,Male,White,Non-Hispanic,Married,24,Employed Full-Time,2800.78,Less than High School,0,With Family,True,2,0,23,2.0,0,1,5.5,Monthly,0.5,2,1,Active
DC-100011,Demo11,Participant11,Female,White,Non-Hispanic,Single,23,Unemployed,200.93,Some College,1,Transitional Housing,False,7,2,20,2.33,3,6,7.7,Rarely,2.3,8,1,Pending
DC-100012,Demo12,Participant12,Female,White,Non-Hispanic,Single,20,Unemployed,3.02,Less than High School,0,Stable Housing,True,6,1,18,3.0,4,3,6.8,Daily,4.4,4,1,Active
DC-100013,Demo13,Participant13,Male,Black/African American,Non-Hispanic,Divorced,18,Unemployed,699.71,Some College,2,Stable Housing,False,0,0,16,0.0,0,1,4.6,Weekly,0.8,0,0,Active
DC-100014,Demo14,Participant14,Male,Black/African American,Non-Hispanic,Single,21,Employed Part-Time,1435.86,Graduate,1,Unstable Housing,True,3,0,23,3.0,2,7,4.3,Weekly,5.7,6,0,Active
DC-100015,Demo15,Participant15,Male,White,Hispanic,Single,35,Unemployed,694.82,Less than High School,0,Stable Housing,False,3,0,27,0.38,1,15,6.1,Daily,1.2,1,0,Graduated
DC-100016,Demo16,Participant16,Male,White,Non-Hispanic,Married,25,Employed Full-Time,1633.27,High School/GED,0,Unstable Housing,True,10,1,19,1.67,7,4,7.8,Weekly,0.6,4,1,Graduated
DC-100017,Demo17,Participant17,Male,Black/African American,Non-Hispanic,Divorced,39,Employed Full-Time,1753.67,Some College,1,Unstable Housing,False,1,0,22,0.06,0,10,3.5,Daily,1.9,3,1,Active
DC-100018,Demo18,Participant18,Male,Black/African American,Non-Hispanic,Divorced,34,Unemployed,147.83,Some College,3,With Family,False,7,1,20,0.5,2,6,6.4,Never,6.3,1,0,Terminated
DC-100019,Demo19,Participant19,Male,White,Non-Hispanic,Single,18,Employed Part-Time,1496.43,Some College,1,Unstable Housing,False,2,0,22,2.0,1,4,2.9,Weekly,0.2,0,0,Active
DC-100020,Demo20,Participant20,Male,Native American,Non-Hispanic,Divorced,40,Employed Part-Time,849.32,High School/GED,2,Transitional Housing,False,1,0,14,0.04,0,4,1.0,Weekly,1.2,1,0,Active
DC-100021,Demo21,Participant21,Male,White,Non-Hispanic,Single,42,Unemployed,831.14,High School/GED,0,With Family,True,1,0,17,0.04,0,7,5.4,Monthly,3.2,0,0,Terminated
DC-100022,Demo22,Participant22,Male,White,Non-Hispanic,Single,24,Unemployed,1258.03,High School/GED,1,With Family,False,2,0,20,0.5,1,0,4.5,Monthly,1.3,2,0,Active
DC-100023,Demo23,Participant23,Male,Native American,Non-Hispanic,Divorced,38,Unemployed,886.71,Bachelor's,1,Stable Housing,True,5,1,23,0.33,1,10,5.9,Weekly,0.2,10,1,Terminated
DC-100024,Demo24,Participant24,Male,White,Non-Hispanic,Single,25,Unemployed,582.96,High School/GED,2,Unstable Housing,False,2,0,15,0.2,1,7,2.6,Daily,1.2,3,0,Active
DC-100025,Demo25,Participant25,Female,Black/African American,Hispanic,Single,34,Employed Full-Time,3221.81,Associate's,0,Stable Housing,True,12,2,10,0.5,8,5,8.2,Weekly,5.2,7,1,Terminated
DC-100026,Demo26,Participant26,Male,White,Non-Hispanic,Single,21,Employed Part-Time,858.2,Less than High School,1,Unstable Housing,False,0,0,17,0.0,0,5,2.2,Weekly,10.3,4,0,Active
DC-100027,Demo27,Participant27,Male,White,Hispanic,Divorced,18,Student,422.19,Bachelor's,0,Stable Housing,False,0,0,23,0.0,0,3,2.2,Weekly,0.1,5,1,Pending
DC-100028,Demo28,Participant28,Male,Other,Non-Hispanic,Divorced,30,Unemployed,796.57,Some College,0,Transitional Housing,False,2,0,12,0.11,0,5,4.9,Monthly,2.5,1,1,Graduated
DC-100029,Demo29,Participant29,Male,White,Hispanic,Married,32,Unemployed,677.1,High School/GED,4,Unstable Housing,True,2,0,14,0.11,1,3,4.7,Daily,0.3,2,1,Active
DC-100030,Demo30,Participant30,Male,Hispanic/Latino,Non-Hispanic,Divorced,30,Employed Full-Time,2824.42,High School/GED,0,Unstable Housing,False,6,2,19,0.55,3,3,5.0,Monthly,3.4,3,0,Active
DC-100031,Demo31,Participant31,Male,White,Non-Hispanic,Single,22,Unemployed,469.23,Less than High School,0,With Family,False,7,1,18,1.75,4,2,5.8,Weekly,0.0,7,1,Pending
DC-100032,Demo32,Participant32,Male,White,Hispanic,Single,30,Employed Full-Time,3757.66,Less than High School,1,Stable Housing,False,4,1,21,0.44,2,8,3.8,Rarely,0.0,0,0,Active
DC-100033,Demo33,Participant33,Female,White,Non-Hispanic,Single,36,Unemployed,705.5,Less than High School,3,Unstable Housing,False,7,2,14,0.32,2,1,9.4,Weekly,4.5,3,1,Active
DC-100034,Demo34,Participant34,Female,Black/African American,Hispanic,Single,33,Disabled,770.59,Less than High School,1,Transitional Housing,False,1,0,17,0.06,0,1,4.9,Daily,0.2,0,0,Graduated
DC-100035,Demo35,Participant35,Female,White,Non-Hispanic,Married,35,Student,714.88,High School/GED,2,Stable Housing,False,8,2,23,0.67,4,4,6.3,Daily,1.1,3,1,Active
DC-100036,Demo36,Participant36,Male,Hispanic/Latino,Non-Hispanic,Separated,27,Unemployed,1087.93,Some College,3,Homeless,True,1,0,14,0.08,0,3,3.7,Monthly,9.5,4,1,Active
DC-100037,Demo37,Participant37,Male,White,Non-Hispanic,Single,45,Unemployed,670.81,High School/GED,0,Stable Housing,False,1,0,24,0.05,0,4,4.3,Rarely,12.6,6,0,Graduated
DC-100038,Demo38,Participant38,Female,Native American,Non-Hispanic,Single,22,Disabled,484.19,Less than High School,1,Transitional Housing,False,1,0,14,0.12,0,3,3.4,Monthly,0.5,1,1,Active
DC-100039,Demo39,Participant39,Male,White,Non-Hispanic,Single,38,Unemployed,325.27,Some College,0,Stable Housing,False,14,5,22,0.88,10,2,10.0,Monthly,2.5,1,1,Terminated
DC-100040,Demo40,Participant40,Male,Hispanic/Latino,Non-Hispanic,Single,45,Employed Full-Time,3280.1,High School/GED,3,Stable Housing,False,2,0,17,0.07,1,5,4.5,Weekly,2.5,3,0,Active
DC-100041,Demo41,Participant41,Male,Black/African American,Non-Hispanic,Separated,38,Unemployed,0.0,Bachelor's,0,Unstable Housing,False,8,1,14,0.33,6,0,8.0,Weekly,1.8,10,1,Active
DC-100042,Demo42,Participant42,Male,Black/African American,Non-Hispanic,Single,31,Employed Part-Time,1749.84,Some College,0,Stable Housing,False,9,1,17,0.64,6,3,6.0,Daily,7.8,2,1,Active
DC-100043,Demo43,Participant43,Female,Hispanic/Latino,Non-Hispanic,Single,28,Unemployed,538.25,Less than High School,2,Stable Housing,False,0,0,21,0.0,0,2,4.1,Weekly,4.2,3,0,Graduated
DC-100044,Demo44,Participant44,Male,Black/African American,Non-Hispanic,Divorced,44,Unemployed,190.66,High School/GED,1,Unstable Housing,False,4,0,18,0.15,2,7,6.3,Monthly,4.3,3,0,Terminated
DC-100045,Demo45,Participant45,Male,Black/African American,Non-Hispanic,Single,19,Unemployed,321.52,High School/GED,1,Stable Housing,False,4,0,23,4.0,1,6,4.7,Daily,0.9,0,1,Active
DC-100046,Demo46,Participant46,Male,White,Non-Hispanic,Married,24,Employed Part-Time,1034.15,Less than High School,1,Unstable Housing,False,1,0,24,1.0,0,1,3.7,Daily,1.7,6,1,Active
DC-100047,Demo47,Participant47,Male,White,Non-Hispanic,Single,30,Employed Full-Time,3140.42,Less than High School,0,Unstable Housing,True,1,0,14,0.06,0,5,2.8,Weekly,2.0,1,1,Active
DC-100048,Demo48,Participant48,Male,Native American,Non-Hispanic,Married,46,Unemployed,630.54,Less than High School,1,Unstable Housing,True,2,0,13,0.06,0,6,6.6,Daily,1.1,5,1,Graduated
DC-100049,Demo49,Participant49,Male,Black/African American,Non-Hispanic,Widowed,37,Unemployed,691.9,Less than High School,1,Homeless,True,1,0,13,0.04,0,5,4.4,Daily,0.3,3,1,Active
DC-100050,Demo50,Participant50,Female,Black/African American,Non-Hispanic,Divorced,24,Unemployed,627.79,High School/GED,3,Stable Housing,False,5,0,15,0.56,3,2,7.0,Weekly,0.4,4,1,Active
DC-100051,Demo51,Participant51,Female,White,Hispanic,Single,30,Employed Part-Time,827.6,High School/GED,0,Stable Housing,False,0,0,23,0.0,0,7,1.3,Daily,0.6,0,0,Graduated
DC-100052,Demo52,Participant52,Female,White,Non-Hispanic,Divorced,27,Disabled,637.03,Less than High School,3,Transitional Housing,False,6,1,21,1.0,2,6,7.7,Weekly,0.7,7,0,Terminated
DC-100053,Demo53,Participant53,Female,White,Non-Hispanic,Single,26,Disabled,162.54,Some College,2,Transitional Housing,False,9,1,16,0.9,6,4,6.0,Weekly,0.8,1,0,Active
DC-100054,Demo54,Participant54,Male,Black/African American,Non-Hispanic,Single,43,Employed Full-Time,2242.02,High School/GED,0,Stable Housing,False,4,0,18,0.16,2,9,4.8,Monthly,0.9,5,0,Graduated
DC-100055,Demo55,Participant55,Female,White,Non-Hispanic,Single,20,Employed Full-Time,2828.65,High School/GED,2,Unstable Housing,False,1,0,24,1.0,0,5,1.8,Daily,1.8,6,1,Terminated
DC-100056,Demo56,Participant56,Male,White,Non-Hispanic,Single,50,Unemployed,423.22,Less than High School,0,Unstable Housing,False,12,2,26,0.5,8,3,8.3,Rarely,2.1,4,1,Pending
DC-100057,Demo57,Participant57,Male,White,Non-Hispanic,Married,42,Unemployed,223.98,Less than High School,5,Unstable Housing,True,5,1,20,0.23,2,6,7.2,Weekly,1.1,2,1,Active
DC-100058,Demo58,Participant58,Male,White,Non-Hispanic,Married,44,Student,718.77,High School/GED,3,Homeless,True,2,0,10,0.06,1,2,6.3,Weekly,7.1,9,1,Active
DC-100059,Demo59,Participant59,Male,Black/African American,Non-Hispanic,Separated,29,Disabled,564.85,Less than High School,0,Stable Housing,True,1,0,20,0.11,0,1,3.6,Weekly,2.4,2,0,Pending
DC-100060,Demo60,Participant60,Male,White,Hispanic,Married,32,Unemployed,1072.24,High School/GED,0,Transitional Housing,True,10,2,22,1.0,5,3,9.5,Weekly,4.6,8,1,Active
DC-100061,Demo61,Participant61,Male,Black/African American,Hispanic,Married,19,Unemployed,496.23,High School/GED,1,Stable Housing,False,3,1,19,3.0,2,4,6.5,Weekly,7.7,1,1,Active
DC-100062,Demo62,Participant62,Female,White,Non-Hispanic,Single,28,Employed Full-Time,3404.47,High School/GED,0,Unstable Housing,False,8,1,21,1.14,3,8,6.0,Monthly,0.5,2,1,Active
DC-100063,Demo63,Participant63,Male,White,Non-Hispanic,Single,38,Employed Part-Time,1319.15,Less than High School,0,Transitional Housing,True,6,1,20,0.33,4,2,4.5,Daily,1.7,1,1,Active
DC-100064,Demo64,Participant64,Male,White,Non-Hispanic,Married,46,Unemployed,877.58,High School/GED,0,Unstable Housing,True,3,1,14,0.09,1,3,5.5,Weekly,1.7,0,1,Active
DC-100065,Demo65,Participant65,Male,White,Non-Hispanic,Single,22,Unemployed,650.6,High School/GED,1,Stable Housing,True,4,1,15,0.57,2,13,5.3,Daily,1.3,2,1,Pending
DC-100066,Demo66,Participant66,Male,White,Non-Hispanic,Divorced,30,Unemployed,802.91,Some College,0,With Family,False,3,0,17,0.23,2,3,5.4,Monthly,0.0,0,1,Active
DC-100067,Demo67,Participant67,Female,White,Non-Hispanic,Single,32,Unemployed,588.69,Some College,3,With Family,False,1,0,23,0.11,0,8,4.7,Weekly,5.1,10,0,Active
DC-100068,Demo68,Participant68,Male,Black/African American,Non-Hispanic,Single,20,Employed Part-Time,1255.86,High School/GED,2,Transitional Housing,False,1,0,15,0.2,0,3,2.7,Weekly,0.4,6,0,Active
DC-100069,Demo69,Participant69,Non-binary/Other,White,Non-Hispanic,Single,39,Unemployed,949.5,High School/GED,1,Unstable Housing,True,2,0,20,0.11,0,7,5.3,Monthly,15.0,0,1,Active
DC-100070,Demo70,Participant70,Female,Black/African American,Non-Hispanic,Single,26,Employed Full-Time,2140.56,High School/GED,3,Stable Housing,False,0,0,20,0.0,0,4,3.7,Daily,4.4,1,0,Active
DC-100071,Demo71,Participant71,Male,Hispanic/Latino,Hispanic,Single,32,Unemployed,549.22,Some College,0,With Family,True,6,0,25,0.86,1,1,6.9,Never,2.6,5,0,Pending
DC-100072,Demo72,Participant72,Male,Black/African American,Hispanic,Divorced,29,Unemployed,1005.71,Less than High School,0,Unstable Housing,True,6,1,18,0.55,3,13,6.3,Weekly,0.5,2,1,Active
DC-100073,Demo73,Participant73,Female,White,Non-Hispanic,Single,26,Unemployed,0.0,Bachelor's,1,Transitional Housing,False,7,1,11,0.47,4,5,7.9,Weekly,2.2,7,0,Active
DC-100074,Demo74,Participant74,Female,White,Non-Hispanic,Married,33,Student,1215.62,Some College,1,Stable Housing,False,3,0,21,0.25,1,8,4.7,Weekly,0.9,3,0,Graduated
DC-100075,Demo75,Participant75,Female,White,Non-Hispanic,Single,31,Employed Part-Time,1795.84,Some College,1,Stable Housing,False,2,0,27,0.5,0,13,4.4,Weekly,0.9,5,0,Active
DC-100076,Demo76,Participant76,Female,White,Non-Hispanic,Single,30,Unemployed,411.87,Less than High School,3,With Family,False,0,0,21,0.0,0,4,5.5,Rarely,5.3,4,1,Graduated
DC-100077,Demo77,Participant77,Male,Other,Non-Hispanic,Single,26,Employed Part-Time,1661.88,High School/GED,4,Unstable Housing,False,4,0,15,0.36,3,2,4.9,Weekly,1.4,4,1,Active
DC-100078,Demo78,Participant78,Male,White,Non-Hispanic,Divorced,37,Unemployed,556.06,High School/GED,2,Stable Housing,True,2,0,14,0.09,1,1,4.0,Monthly,1.8,1,0,Graduated
DC-100079,Demo79,Participant79,Male,White,Non-Hispanic,Single,50,Unemployed,901.92,Less than High School,2,Stable Housing,False,4,1,15,0.11,2,3,4.8,Weekly,5.6,2,0,Active
DC-100080,Demo80,Participant80,Female,Black/African American,Non-Hispanic,Divorced,35,Unemployed,282.65,Less than High School,0,Unstable Housing,True,2,0,27,0.25,0,4,5.7,Monthly,0.3,0,0,Terminated
DC-100081,Demo81,Participant81,Male,Black/African American,Non-Hispanic,Single,43,Disabled,678.23,Associate's,0,Stable Housing,False,1,0,17,0.04,0,1,3.8,Weekly,2.7,4,0,Graduated
DC-100082,Demo82,Participant82,Male,Black/African American,Hispanic,Divorced,20,Employed Full-Time,3135.3,High School/GED,2,Unstable Housing,True,2,0,16,0.5,0,4,5.5,Weekly,2.6,3,1,Active
DC-100083,Demo83,Participant83,Male,White,Non-Hispanic,Single,35,Unemployed,688.54,High School/GED,1,Unstable Housing,False,0,0,18,0.0,0,2,1.8,Daily,1.7,6,1,Active
DC-100084,Demo84,Participant84,Male,White,Non-Hispanic,Divorced,23,Employed Full-Time,4324.99,Less than High School,1,Transitional Housing,False,3,0,17,0.5,1,4,5.1,Weekly,5.3,1,1,Active
DC-100085,Demo85,Participant85,Male,White,Hispanic,Married,19,Disabled,627.88,Some College,0,Stable Housing,False,3,0,25,3.0,1,0,3.9,Monthly,8.6,3,1,Terminated
DC-100086,Demo86,Participant86,Female,White,Non-Hispanic,Separated,26,Employed Part-Time,754.19,Some College,1,With Family,True,2,0,14,0.17,1,8,3.4,Weekly,1.9,1,1,Active
DC-100087,Demo87,Participant87,Male,White,Non-Hispanic,Single,45,Employed Part-Time,504.32,High School/GED,0,Stable Housing,False,5,1,23,0.23,3,4,4.7,Weekly,1.8,4,1,Active
DC-100088,Demo88,Participant88,Female,White,Non-Hispanic,Single,43,Unemployed,686.18,High School/GED,1,Unstable Housing,False,1,0,19,0.04,0,4,5.1,Monthly,2.1,7,0,Active
DC-100089,Demo89,Participant89,Male,White,Non-Hispanic,Single,36,Disabled,883.11,High School/GED,0,Stable Housing,False,3,0,23,0.23,2,2,4.8,Weekly,3.9,6,1,Pending
DC-100090,Demo90,Participant90,Male,White,Non-Hispanic,Divorced,18,Employed Full-Time,4544.53,High School/GED,0,Transitional Housing,False,1,0,25,1.0,0,5,2.3,Weekly,3.3,8,1,Active
DC-100091,Demo91,Participant91,Female,White,Non-Hispanic,Married,32,Employed Part-Time,2447.07,Less than High School,0,With Family,False,5,1,19,0.38,1,5,5.7,Monthly,0.8,9,1,Active
DC-100092,Demo92,Participant92,Female,Black/African American,Non-Hispanic,Divorced,37,Unemployed,784.04,Associate's,0,Transitional Housing,True,10,1,17,0.5,3,8,9.0,Monthly,0.2,6,1,Graduated
DC-100093,Demo93,Participant93,Male,Black/African American,Non-Hispanic,Single,35,Employed Part-Time,751.69,High School/GED,3,Unstable Housing,False,14,4,19,0.88,8,3,10.0,Rarely,8.9,2,1,Pending
DC-100094,Demo94,Participant94,Female,Hispanic/Latino,Non-Hispanic,Single,18,Employed Full-Time,3550.06,High School/GED,0,Unstable Housing,True,6,1,18,5.0,2,6,7.0,Monthly,0.9,1,1,Active
DC-100095,Demo95,Participant95,Male,White,Non-Hispanic,Single,25,Unemployed,328.26,High School/GED,0,Transitional Housing,True,2,0,12,0.15,0,4,4.3,Never,3.1,3,0,Active
DC-100096,Demo96,Participant96,Male,White,Non-Hispanic,Separated,33,Employed Part-Time,1264.26,Some College,1,With Family,False,3,0,25,0.38,0,1,1.9,Weekly,5.3,10,1,Active
DC-100097,Demo97,Participant97,Male,White,Non-Hispanic,Divorced,39,Disabled,440.1,Less than High School,1,With Family,False,3,0,19,0.15,1,3,4.4,Rarely,1.1,3,1,Active
DC-100098,Demo98,Participant98,Male,Black/African American,Hispanic,Separated,18,Unemployed,370.09,High School/GED,0,Unstable Housing,True,3,0,14,0.75,2,4,5.2,Monthly,3.0,1,1,Active
DC-100099,Demo99,Participant99,Male,Black/African American,Non-Hispanic,Single,32,Unemployed,576.36,Some College,0,With Family,True,3,0,10,0.14,1,1,5.3,Monthly,0.3,8,1,Active
DC-100100,Demo100,Participant100,Male,White,Non-Hispanic,Married,35,Student,408.95,High School/GED,5,Stable Housing,False,0,0,10,0.0,0,4,4.1,Weekly,10.5,2,0,Graduated
DC-100101,Demo101,Participant101,Male,Native American,Non-Hispanic,Divorced,42,Unemployed,822.31,Some College,2,Stable Housing,True,2,0,22,0.1,1,3,2.6,Daily,0.2,5,1,Terminated
DC-100102,Demo102,Participant102,Male,White,Non-Hispanic,Single,40,Employed Full-Time,1801.22,Less than High School,0,Stable Housing,False,6,1,16,0.25,3,3,5.7,Weekly,1.7,6,1,Graduated
DC-100103,Demo103,Participant103,Male,White,Hispanic,Divorced,39,Employed Part-Time,1714.55,Some College,1,Stable Housing,False,0,0,17,0.0,0,2,2.1,Weekly,2.3,7,0,Active
DC-100104,Demo104,Participant104,Female,Black/African American,Non-Hispanic,Separated,26,Unemployed,647.29,Less than High School,0,Transitional Housing,False,2,0,20,0.33,0,2,3.4,Weekly,4.7,6,0,Graduated
DC-100105,Demo105,Participant105,Male,Hispanic/Latino,Non-Hispanic,Separated,18,Employed Full-Time,1613.52,Less than High School,0,Transitional Housing,True,0,0,16,0.0,0,2,2.9,Never,0.4,7,0,Active
DC-100106,Demo106,Participant106,Male,Black/African American,Non-Hispanic,Divorced,30,Disabled,592.76,Associate's,2,Transitional Housing,True,1,0,21,0.11,0,4,4.1,Rarely,1.7,5,0,Active
DC-100107,Demo107,Participant107,Female,Hispanic/Latino,Non-Hispanic,Single,44,Unemployed,753.18,High School/GED,3,Homeless,False,2,0,19,0.08,1,2,6.4,Rarely,1.1,3,1,Active
DC-100108,Demo108,Participant108,Male,White,Non-Hispanic,Single,47,Employed Part-Time,1475.28,High School/GED,0,Unstable Housing,False,13,2,18,0.45,4,5,8.5,Rarely,1.1,5,1,Active
DC-100109,Demo109,Participant109,Male,Hispanic/Latino,Hispanic,Separated,41,Unemployed,1019.83,Less than High School,3,Homeless,True,2,0,12,0.07,0,4,6.0,Monthly,4.5,7,1,Active
DC-100110,Demo110,Participant110,Male,White,Non-Hispanic,Single,38,Unemployed,529.04,High School/GED,0,Unstable Housing,True,1,0,15,0.04,0,1,5.1,Weekly,0.0,2,0,Active
DC-100111,Demo111,Participant111,Male,Hispanic/Latino,Hispanic,Divorced,37,Disabled,206.54,High School/GED,0,Transitional Housing,True,3,1,21,0.19,1,1,5.4,Rarely,4.1,2,1,Active
DC-100112,Demo112,Participant112,Female,White,Non-Hispanic,Divorced,28,Disabled,656.42,Graduate,0,Homeless,False,1,0,16,0.08,0,2,4.3,Daily,5.0,2,0,Active
DC-100113,Demo113,Participant113,Female,Hispanic/Latino,Non-Hispanic,Married,32,Unemployed,344.65,Bachelor's,0,Homeless,False,1,0,23,0.11,0,0,5.1,Daily,6.9,4,0,Active
DC-100114,Demo114,Participant114,Male,White,Non-Hispanic,Widowed,50,Unemployed,799.6,High School/GED,3,Unstable Housing,False,17,3,28,0.77,12,3,10.0,Daily,3.0,0,1,Terminated
DC-100115,Demo115,Participant115,Female,Black/African American,Hispanic,Single,24,Unemployed,1262.88,High School/GED,1,With Family,False,5,1,21,1.67,3,2,5.9,Never,1.2,6,1,Pending
DC-100116,Demo116,Participant116,Female,White,Non-Hispanic,Single,50,Unemployed,364.03,High School/GED,0,Stable Housing,False,2,0,24,0.08,1,1,2.9,Daily,1.7,1,1,Pending
DC-100117,Demo117,Participant117,Male,Black/African American,Non-Hispanic,Single,30,Employed Full-Time,2197.27,Some College,4,Unstable Housing,False,6,2,21,0.67,2,5,8.5,Daily,10.5,1,1,Terminated
DC-100118,Demo118,Participant118,Female,White,Non-Hispanic,Single,47,Employed Full-Time,3764.03,Less than High School,3,Transitional Housing,True,1,0,16,0.03,0,1,2.5,Daily,6.4,1,0,Pending
DC-100119,Demo119,Participant119,Male,White,Non-Hispanic,Single,19,Unemployed,736.17,High School/GED,2,Unstable Housing,True,5,0,19,5.0,1,5,6.9,Weekly,1.9,4,1,Graduated
DC-100120,Demo120,Participant120,Female,White,Non-Hispanic,Single,39,Employed Part-Time,1622.69,Less than High School,4,With Family,True,0,0,27,0.0,0,11,4.8,Daily,8.6,2,0,Pending
DC-100121,Demo121,Participant121,Female,White,Non-Hispanic,Divorced,26,Employed Full-Time,3398.08,Less than High School,0,Stable Housing,False,1,0,16,0.1,0,2,3.6,Never,5.2,2,0,Active
DC-100122,Demo122,Participant122,Male,Hispanic/Latino,Non-Hispanic,Separated,19,Unemployed,269.61,Less than High School,3,Stable Housing,False,3,0,14,0.6,1,13,4.9,Never,6.9,8,0,Terminated
DC-100123,Demo123,Participant123,Male,White,Non-Hispanic,Single,36,Employed Full-Time,3850.19,High School/GED,2,With Family,False,3,0,14,0.14,1,6,2.9,Rarely,3.4,7,0,Active
DC-100124,Demo124,Participant124,Male,Other,Non-Hispanic,Single,44,Unemployed,902.19,Some College,3,Unstable Housing,True,1,0,18,0.04,0,3,3.7,Daily,5.8,7,0,Graduated
DC-100125,Demo125,Participant125,Male,White,Non-Hispanic,Separated,25,Unemployed,607.02,High School/GED,2,Unstable Housing,True,4,1,14,0.36,2,3,7.5,Never,6.7,4,0,Pending
DC-100126,Demo126,Participant126,Female,White,Non-Hispanic,Single,19,Student,340.67,High School/GED,0,Stable Housing,False,1,0,25,1.0,0,7,3.8,Rarely,0.3,7,0,Active
DC-100127,Demo127,Participant127,Female,Black/African American,Hispanic,Single,33,Unemployed,1076.86,Less than High School,2,Stable Housing,False,5,0,19,0.36,3,4,5.8,Daily,10.1,6,1,Active
DC-100128,Demo128,Participant128,Male,Black/African American,Non-Hispanic,Single,33,Employed Full-Time,2834.53,High School/GED,0,Homeless,True,2,0,22,0.18,0,3,6.6,Rarely,1.2,9,0,Active
DC-100129,Demo129,Participant129,Male,White,Hispanic,Married,39,Unemployed,0.0,Less than High School,0,Stable Housing,True,1,0,17,0.05,0,3,4.9,Daily,1.7,0,1,Graduated
DC-100130,Demo130,Participant130,Male,Black/African American,Non-Hispanic,Single,43,Unemployed,737.52,High School/GED,0,With Family,False,2,0,14,0.07,0,9,4.5,Daily,4.7,0,0,Graduated
DC-100131,Demo131,Participant131,Male,Black/African American,Non-Hispanic,Separated,33,Student,268.57,Bachelor's,4,Transitional Housing,False,2,0,13,0.1,1,4,4.0,Never,3.3,1,0,Active
DC-100132,Demo132,Participant132,Male,White,Non-Hispanic,Single,52,Unemployed,896.58,Less than High School,0,Stable Housing,False,2,0,15,0.05,0,8,3.8,Never,6.7,8,0,Active
DC-100133,Demo133,Participant133,Male,Other,Non-Hispanic,Married,36,Employed Part-Time,937.35,Less than High School,1,Homeless,True,6,2,20,0.38,3,0,7.3,Weekly,1.5,4,1,Pending
DC-100134,Demo134,Participant134,Female,Other,Non-Hispanic,Single,30,Disabled,781.11,High School/GED,1,Homeless,False,0,0,21,0.0,0,3,4.3,Daily,1.4,3,0,Graduated
DC-100135,Demo135,Participant135,Male,Black/African American,Non-Hispanic,Single,18,Employed Full-Time,3568.05,Bachelor's,4,Stable Housing,False,9,3,21,5.0,5,6,8.7,Daily,0.1,3,1,Active
DC-100136,Demo136,Participant136,Male,White,Non-Hispanic,Divorced,31,Unemployed,237.34,Some College,0,Stable Housing,False,12,2,13,0.67,6,0,8.4,Monthly,1.9,6,0,Terminated
DC-100137,Demo137,Participant137,Female,Black/African American,Non-Hispanic,Divorced,30,Unemployed,430.22,Associate's,2,Unstable Housing,False,0,0,18,0.0,0,4,3.9,Monthly,3.9,8,0,Active
DC-100138,Demo138,Participant138,Male,White,Non-Hispanic,Divorced,43,Employed Full-Time,3203.52,High School/GED,3,Homeless,False,2,0,14,0.07,1,7,4.9,Monthly,1.1,5,0,Active
DC-100139,Demo139,Participant139,Female,White,Non-Hispanic,Married,38,Employed Part-Time,1294.46,Graduate,1,Homeless,False,3,0,20,0.17,2,0,4.8,Weekly,1.9,6,1,Terminated
DC-100140,Demo140,Participant140,Female,White,Non-Hispanic,Separated,22,Employed Part-Time,1561.98,Less than High School,0,Unstable Housing,False,1,0,20,0.5,0,8,3.0,Monthly,0.7,2,1,Terminated
DC-100141,Demo141,Participant141,Male,White,Non-Hispanic,Divorced,35,Unemployed,421.65,Less than High School,2,Transitional Housing,False,1,0,14,0.05,0,0,1.9,Rarely,4.4,3,0,Active
DC-100142,Demo142,Participant142,Male,Hispanic/Latino,Non-Hispanic,Divorced,40,Disabled,743.44,Some College,3,Transitional Housing,False,0,0,22,0.0,0,3,2.2,Weekly,0.2,7,0,Active
DC-100143,Demo143,Participant143,Male,Black/African American,Non-Hispanic,Single,49,Employed Part-Time,918.43,Associate's,2,Homeless,False,3,0,28,0.14,1,5,4.6,Weekly,3.7,6,1,Active
DC-100144,Demo144,Participant144,Male,Black/African American,Non-Hispanic,Single,42,Unemployed,645.76,Less than High School,0,Transitional Housing,True,2,0,22,0.1,1,5,4.3,Never,1.4,5,1,Terminated
DC-100145,Demo145,Participant145,Male,White,Non-Hispanic,Single,41,Employed Full-Time,2173.2,Less than High School,3,Stable Housing,False,5,1,18,0.22,1,1,3.2,Daily,0.1,0,0,Terminated
DC-100146,Demo146,Participant146,Male,White,Non-Hispanic,Divorced,34,Unemployed,1264.3,Less than High School,1,With Family,False,3,0,17,0.18,1,6,5.2,Weekly,5.8,0,1,Active
DC-100147,Demo147,Participant147,Male,White,Non-Hispanic,Single,37,Employed Full-Time,3735.66,Less than High School,1,Homeless,False,2,0,18,0.11,1,7,6.2,Weekly,2.0,1,0,Active
DC-100148,Demo148,Participant148,Male,Other,Non-Hispanic,Single,46,Disabled,503.47,Less than High School,3,Transitional Housing,True,1,0,15,0.03,0,8,3.3,Weekly,2.7,4,1,Active
DC-100149,Demo149,Participant149,Male,White,Non-Hispanic,Separated,20,Unemployed,590.26,Bachelor's,0,Unstable Housing,False,3,0,20,3.0,0,6,5.5,Weekly,4.0,4,0,Terminated
DC-100150,Demo150,Participant150,Female,Hispanic/Latino,Non-Hispanic,Separated,30,Unemployed,1173.81,Some College,2,Stable Housing,True,1,0,14,0.06,0,5,3.7,Weekly,3.2,8,0,Active
DC-100151,Demo151,Participant151,Male,Black/African American,Non-Hispanic,Separated,26,Unemployed,202.55,Some College,1,Unstable Housing,False,2,0,11,0.13,1,7,3.0,Daily,3.9,5,0,Active
DC-100152,Demo152,Participant152,Male,White,Non-Hispanic,Single,37,Unemployed,1195.11,Some College,3,Stable Housing,True,1,0,19,0.06,0,1,4.2,Weekly,4.3,2,0,Graduated
DC-100153,Demo153,Participant153,Male,Black/African American,Hispanic,Divorced,46,Student,827.15,High School/GED,0,Homeless,False,5,1,19,0.19,3,1,7.7,Weekly,2.7,1,1,Active
DC-100154,Demo154,Participant154,Non-binary/Other,White,Non-Hispanic,Single,28,Unemployed,725.13,Some College,1,Unstable Housing,True,0,0,16,0.0,0,10,2.5,Weekly,1.4,7,0,Active
DC-100155,Demo155,Participant155,Male,Hispanic/Latino,Hispanic,Single,18,Disabled,304.61,High School/GED,3,Transitional Housing,False,4,0,13,0.8,2,3,4.1,Weekly,0.8,3,0,Active
DC-100156,Demo156,Participant156,Male,Hispanic/Latino,Non-Hispanic,Single,29,Unemployed,771.34,High School/GED,0,Homeless,False,4,0,20,0.44,1,2,6.7,Rarely,7.0,5,1,Graduated
DC-100157,Demo157,Participant157,Female,White,Non-Hispanic,Single,43,Employed Full-Time,2771.77,High School/GED,0,Homeless,False,0,0,15,0.0,0,14,7.4,Monthly,10.5,4,1,Terminated
DC-100158,Demo158,Participant158,Male,White,Non-Hispanic,Single,39,Unemployed,980.0,High School/GED,5,Stable Housing,True,0,0,18,0.0,0,1,4.0,Weekly,1.3,0,0,Active
DC-100159,Demo159,Participant159,Female,Black/African American,Non-Hispanic,Divorced,38,Employed Full-Time,2865.47,Some College,0,With Family,False,5,1,26,0.42,1,3,3.6,Weekly,0.4,0,1,Active
DC-100160,Demo160,Participant160,Male,Hispanic/Latino,Non-Hispanic,Single,31,Unemployed,566.05,Bachelor's,4,Transitional Housing,True,9,3,21,0.9,5,2,6.7,Weekly,0.8,2,1,Active
DC-100161,Demo161,Participant161,Male,White,Non-Hispanic,Divorced,21,Unemployed,433.42,High School/GED,0,Transitional Housing,False,2,0,13,0.25,1,9,5.3,Daily,3.3,2,1,Active
DC-100162,Demo162,Participant162,Male,Black/African American,Non-Hispanic,Married,39,Unemployed,303.74,Some College,0,Stable Housing,False,1,0,13,0.04,0,2,6.7,Never,0.6,5,0,Active
DC-100163,Demo163,Participant163,Male,Black/African American,Non-Hispanic,Single,25,Employed Full-Time,3316.77,Less than High School,2,Unstable Housing,True,0,0,19,0.0,0,0,2.7,Weekly,4.5,4,0,Active
DC-100164,Demo164,Participant164,Male,Black/African American,Non-Hispanic,Married,55,Employed Full-Time,1999.66,Some College,2,Stable Housing,False,3,0,13,0.07,1,9,3.9,Weekly,7.7,9,1,Pending
DC-100165,Demo165,Participant165,Female,White,Non-Hispanic,Single,39,Unemployed,962.7,High School/GED,1,Unstable Housing,True,1,0,10,0.03,0,15,4.6,Monthly,9.9,7,1,Terminated
DC-100166,Demo166,Participant166,Male,Black/African American,Non-Hispanic,Married,28,Disabled,66.04,Less than High School,1,Stable Housing,False,1,0,21,0.14,0,5,2.6,Monthly,0.0,3,0,Graduated
DC-100167,Demo167,Participant167,Male,Hispanic/Latino,Non-Hispanic,Single,27,Employed Part-Time,1648.6,High School/GED,3,Unstable Housing,False,1,0,20,0.14,0,3,1.0,Rarely,9.5,3,0,Graduated
DC-100168,Demo168,Participant168,Male,White,Non-Hispanic,Single,33,Unemployed,1351.63,High School/GED,0,Homeless,False,3,0,20,0.23,0,3,7.5,Monthly,4.0,5,1,Terminated
DC-100169,Demo169,Participant169,Male,White,Hispanic,Single,31,Unemployed,464.51,Less than High School,1,Unstable Housing,False,2,0,20,0.18,0,8,4.0,Monthly,0.3,0,0,Graduated
DC-100170,Demo170,Participant170,Male,Other,Non-Hispanic,Married,45,Unemployed,1168.54,Associate's,0,Unstable Housing,False,5,1,18,0.19,3,2,7.4,Weekly,1.6,10,1,Active
DC-100171,Demo171,Participant171,Male,White,Hispanic,Separated,35,Employed Part-Time,1335.6,Less than High School,1,With Family,True,1,0,16,0.05,0,2,2.6,Weekly,3.6,3,0,Active
DC-100172,Demo172,Participant172,Male,Hispanic/Latino,Non-Hispanic,Single,26,Unemployed,188.28,Associate's,0,Stable Housing,False,13,4,21,2.6,8,9,10.0,Weekly,9.4,8,1,Active
DC-100173,Demo173,Participant173,Male,White,Non-Hispanic,Divorced,52,Employed Full-Time,3544.0,Some College,0,Transitional Housing,False,7,2,25,0.26,5,9,7.7,Daily,0.5,9,1,Active
DC-100174,Demo174,Participant174,Male,White,Non-Hispanic,Married,34,Student,914.46,High School/GED,1,Stable Housing,False,7,2,16,0.39,4,3,7.9,Weekly,0.4,4,0,Pending
DC-100175,Demo175,Participant175,Male,Hispanic/Latino,Non-Hispanic,Separated,41,Employed Full-Time,2197.47,High School/GED,0,Stable Housing,False,2,0,14,0.07,1,4,4.0,Rarely,1.9,0,0,Active
DC-100176,Demo176,Participant176,Female,White,Hispanic,Divorced,27,Employed Part-Time,779.93,Some College,0,Stable Housing,True,9,2,14,0.69,7,4,7.8,Monthly,10.3,4,0,Active
DC-100177,Demo177,Participant177,Male,White,Non-Hispanic,Married,37,Employed Full-Time,2291.28,High School/GED,2,Transitional Housing,True,1,0,15,0.05,0,8,4.0,Never,10.7,4,0,Active
DC-100178,Demo178,Participant178,Female,White,Non-Hispanic,Married,37,Employed Part-Time,1019.9,Some College,1,Unstable Housing,True,5,1,19,0.28,3,5,6.0,Daily,0.8,6,1,Active
DC-100179,Demo179,Participant179,Male,Black/African American,Non-Hispanic,Separated,18,Unemployed,775.39,High School/GED,3,With Family,True,12,3,10,1.5,6,6,8.8,Daily,1.2,0,1,Pending
DC-100180,Demo180,Participant180,Male,White,Non-Hispanic,Single,54,Employed Full-Time,3136.41,High School/GED,2,Unstable Housing,True,1,0,20,0.03,0,7,2.1,Rarely,7.2,3,0,Active
DC-100181,Demo181,Participant181,Male,White,Hispanic,Single,46,Employed Full-Time,2188.91,Bachelor's,0,Stable Housing,False,7,2,21,0.28,3,8,4.7,Weekly,4.0,8,1,Graduated
DC-100182,Demo182,Participant182,Female,Native American,Non-Hispanic,Single,30,Unemployed,470.31,Less than High School,1,Homeless,False,1,0,11,0.05,0,5,6.5,Daily,10.8,10,1,Graduated
DC-100183,Demo183,Participant183,Female,White,Non-Hispanic,Divorced,22,Employed Full-Time,2078.28,High School/GED,0,Stable Housing,True,2,0,15,0.29,0,8,3.4,Weekly,6.7,1,0,Pending
DC-100184,Demo184,Participant184,Male,Black/African American,Non-Hispanic,Divorced,37,Employed Full-Time,3375.65,High School/GED,2,Transitional Housing,False,0,0,19,0.0,0,5,3.8,Weekly,0.7,7,0,Active
DC-100185,Demo185,Participant185,Male,White,Non-Hispanic,Single,34,Unemployed,986.53,Some College,5,Stable Housing,True,1,0,18,0.06,0,2,4.6,Monthly,4.3,1,0,Terminated
DC-100186,Demo186,Participant186,Female,Black/African American,Non-Hispanic,Married,37,Unemployed,409.72,Some College,1,Stable Housing,False,1,0,21,0.06,0,2,3.2,Monthly,0.1,7,0,Active
DC-100187,Demo187,Participant187,Male,White,Non-Hispanic,Single,35,Disabled,938.65,High School/GED,2,Transitional Housing,False,0,0,18,0.0,0,0,2.9,Weekly,5.1,2,1,Active
DC-100188,Demo188,Participant188,Male,Native American,Non-Hispanic,Single,39,Unemployed,529.92,Less than High School,0,With Family,False,7,1,24,0.47,2,6,6.6,Daily,2.8,9,0,Active
DC-100189,Demo189,Participant189,Male,White,Non-Hispanic,Widowed,48,Unemployed,660.6,Less than High School,1,Stable Housing,False,4,1,17,0.13,2,0,5.3,Weekly,9.4,5,1,Active
DC-100190,Demo190,Participant190,Male,White,Non-Hispanic,Single,39,Employed Full-Time,2266.72,High School/GED,3,Transitional Housing,True,0,0,15,0.0,0,5,3.9,Rarely,9.7,2,0,Active
DC-100191,Demo191,Participant191,Female,White,Non-Hispanic,Single,23,Unemployed,295.2,High School/GED,0,Stable Housing,False,2,0,14,0.22,1,1,7.1,Daily,0.2,2,1,Active
DC-100192,Demo192,Participant192,Female,White,Non-Hispanic,Married,47,Unemployed,76.57,Bachelor's,0,Transitional Housing,False,2,0,21,0.08,0,1,5.7,Daily,0.5,1,1,Active
DC-100193,Demo193,Participant193,Male,White,Non-Hispanic,Divorced,50,Unemployed,283.4,High School/GED,1,Homeless,False,7,1,19,0.23,5,0,8.6,Rarely,2.0,5,1,Active
DC-100194,Demo194,Participant194,Male,White,Non-Hispanic,Single,65,Unemployed,502.83,Less than High School,2,Stable Housing,True,0,0,21,0.0,0,2,5.1,Never,6.3,7,1,Active
DC-100195,Demo195,Participant195,Male,Hispanic/Latino,Non-Hispanic,Married,22,Employed Part-Time,1363.25,Associate's,0,Stable Housing,False,1,0,21,1.0,0,3,5.1,Weekly,5.1,6,1,Active
DC-100196,Demo196,Participant196,Female,White,Non-Hispanic,Married,36,Unemployed,903.11,High School/GED,3,Stable Housing,False,5,1,10,0.19,2,1,4.9,Monthly,10.0,7,0,Pending
DC-100197,Demo197,Participant197,Female,White,Non-Hispanic,Single,18,Unemployed,466.27,High School/GED,0,Unstable Housing,False,2,0,14,0.5,1,6,5.8,Monthly,2.9,6,0,Active
DC-100198,Demo198,Participant198,Female,Black/African American,Non-Hispanic,Single,39,Student,335.41,Less than High School,0,Stable Housing,True,2,0,14,0.08,1,4,4.6,Rarely,0.9,9,0,Active
DC-100199,Demo199,Participant199,Female,Black/African American,Non-Hispanic,Married,28,Employed Full-Time,2416.81,High School/GED,2,Homeless,True,0,0,15,0.0,0,4,5.7,Daily,0.1,6,0,Graduated
DC-100200,Demo200,Participant200,Male,White,Non-Hispanic,Single,53,Employed Part-Time,2147.71,Associate's,0,With Family,False,1,0,17,0.03,0,4,4.2,Daily,0.8,1,0,Active
DC-100201,Demo201,Participant201,Male,White,Non-Hispanic,Separated,26,Employed Full-Time,2824.37,High School/GED,2,Stable Housing,True,2,0,22,0.5,1,1,3.6,Rarely,3.4,6,0,Active
DC-100202,Demo202,Participant202,Male,White,Non-Hispanic,Divorced,18,Unemployed,979.9,High School/GED,0,Unstable Housing,True,8,2,23,5.0,5,1,10.0,Daily,7.8,2,1,Active
DC-100203,Demo203,Participant203,Female,Black/African American,Non-Hispanic,Widowed,29,Employed Full-Time,1996.99,High School/GED,0,Unstable Housing,True,1,0,17,0.08,0,4,3.7,Weekly,1.2,10,0,Terminated
DC-100204,Demo204,Participant204,Male,Black/African American,Non-Hispanic,Single,18,Employed Full-Time,3562.93,Associate's,0,With Family,True,4,0,17,4.0,2,1,4.2,Monthly,6.3,2,1,Pending
DC-100205,Demo205,Participant205,Male,White,Non-Hispanic,Separated,41,Student,1109.29,Less than High School,3,Unstable Housing,True,1,0,16,0.04,0,9,3.9,Daily,1.5,2,0,Active
DC-100206,Demo206,Participant206,Male,Hispanic/Latino,Non-Hispanic,Single,18,Employed Full-Time,2830.68,High School/GED,1,Unstable Housing,False,2,0,19,2.0,0,4,4.8,Weekly,1.1,1,0,Active
DC-100207,Demo207,Participant207,Male,Hispanic/Latino,Non-Hispanic,Single,34,Unemployed,793.84,Bachelor's,2,Unstable Housing,True,8,1,19,0.53,4,0,7.6,Daily,2.1,5,1,Active
DC-100208,Demo208,Participant208,Male,Black/African American,Non-Hispanic,Single,18,Employed Part-Time,960.14,Less than High School,0,Stable Housing,True,0,0,22,0.0,0,5,3.4,Weekly,1.8,0,0,Active
DC-100209,Demo209,Participant209,Male,Hispanic/Latino,Non-Hispanic,Single,30,Unemployed,191.39,Some College,1,Stable Housing,True,2,0,22,0.25,1,3,4.7,Weekly,7.4,9,1,Active
DC-100210,Demo210,Participant210,Male,White,Non-Hispanic,Divorced,50,Unemployed,394.85,High School/GED,1,Unstable Housing,False,0,0,10,0.0,0,1,3.1,Monthly,1.9,2,0,Terminated
DC-100211,Demo211,Participant211,Female,White,Non-Hispanic,Single,37,Disabled,597.25,Some College,4,Stable Housing,False,0,0,18,0.0,0,1,2.2,Monthly,1.0,2,0,Active
DC-100212,Demo212,Participant212,Male,White,Non-Hispanic,Single,25,Disabled,618.24,High School/GED,2,Unstable Housing,False,3,0,24,3.0,2,7,2.8,Weekly,5.5,0,0,Active
DC-100213,Demo213,Participant213,Male,White,Non-Hispanic,Married,33,Employed Full-Time,2645.92,High School/GED,2,Stable Housing,True,2,0,17,0.12,1,5,5.3,Daily,15.0,1,1,Active
DC-100214,Demo214,Participant214,Female,White,Non-Hispanic,Single,34,Employed Full-Time,2844.55,Some College,0,Unstable Housing,False,1,0,23,0.09,0,1,3.2,Weekly,3.1,3,1,Terminated
DC-100215,Demo215,Participant215,Male,Native American,Non-Hispanic,Married,38,Employed Part-Time,684.96,Less than High School,1,Stable Housing,False,2,0,17,0.1,0,3,1.0,Rarely,0.9,2,0,Active
DC-100216,Demo216,Participant216,Male,White,Non-Hispanic,Single,20,Unemployed,469.48,High School/GED,1,With Family,True,2,0,19,2.0,0,2,5.0,Never,0.8,2,1,Graduated
DC-100217,Demo217,Participant217,Female,White,Non-Hispanic,Divorced,39,Disabled,506.5,Less than High School,3,With Family,False,2,0,14,0.08,1,4,4.2,Daily,0.2,0,1,Graduated
DC-100218,Demo218,Participant218,Male,White,Non-Hispanic,Divorced,18,Unemployed,201.3,Less than High School,0,Stable Housing,False,2,0,14,0.5,1,4,2.7,Monthly,0.2,2,0,Active
DC-100219,Demo219,Participant219,Female,Native American,Non-Hispanic,Single,27,Unemployed,377.3,Bachelor's,0,Stable Housing,False,1,0,21,0.17,0,6,3.4,Monthly,7.4,6,1,Active
DC-100220,Demo220,Participant220,Male,White,Non-Hispanic,Single,29,Employed Full-Time,2258.88,High School/GED,1,Homeless,False,3,0,22,0.43,1,6,4.8,Daily,0.3,3,1,Active
DC-100221,Demo221,Participant221,Male,White,Hispanic,Single,40,Unemployed,602.27,Bachelor's,0,Stable Housing,False,4,1,19,0.19,2,1,5.2,Daily,2.0,2,1,Graduated
DC-100222,Demo222,Participant222,Male,White,Non-Hispanic,Divorced,34,Student,882.88,Less than High School,0,Stable Housing,True,3,0,14,0.15,1,4,5.4,Weekly,3.6,2,0,Terminated
DC-100223,Demo223,Participant223,Male,White,Hispanic,Single,19,Employed Part-Time,1545.63,High School/GED,3,Stable Housing,False,5,0,19,5.0,3,6,4.9,Rarely,5.7,4,1,Active
DC-100224,Demo224,Participant224,Male,Other,Non-Hispanic,Single,24,Unemployed,494.26,Less than High School,1,With Family,True,2,0,24,2.0,1,5,4.2,Monthly,0.6,2,1,Active
DC-100225,Demo225,Participant225,Male,Native American,Hispanic,Single,35,Employed Full-Time,2157.39,Some College,3,Transitional Housing,False,1,0,25,0.1,0,2,4.5,Daily,1.7,4,0,Active
DC-100226,Demo226,Participant226,Female,White,Non-Hispanic,Single,33,Unemployed,571.83,Some College,3,Unstable Housing,True,3,0,17,0.19,1,4,5.5,Daily,0.9,10,0,Active
DC-100227,Demo227,Participant227,Male,Native American,Non-Hispanic,Married,28,Unemployed,948.9,Less than High School,0,Unstable Housing,False,1,0,12,0.06,0,6,2.5,Daily,0.9,0,0,Graduated
DC-100228,Demo228,Participant228,Female,Black/African American,Non-Hispanic,Divorced,29,Employed Full-Time,2900.4,Associate's,1,With Family,False,9,1,22,1.29,3,2,6.5,Weekly,1.1,1,1,Graduated
DC-100229,Demo229,Participant229,Male,Hispanic/Latino,Non-Hispanic,Single,40,Unemployed,812.88,Less than High School,0,With Family,False,2,0,17,0.09,1,6,4.9,Daily,2.7,1,1,Active
DC-100230,Demo230,Participant230,Female,White,Non-Hispanic,Single,28,Employed Part-Time,1623.83,High School/GED,3,With Family,True,2,0,22,0.33,1,2,2.9,Never,0.1,3,0,Active
DC-100231,Demo231,Participant231,Male,White,Non-Hispanic,Divorced,33,Unemployed,662.55,Bachelor's,1,Stable Housing,False,0,0,20,0.0,0,3,5.8,Monthly,1.6,0,1,Graduated
DC-100232,Demo232,Participant232,Male,White,Non-Hispanic,Divorced,55,Unemployed,0.0,Associate's,1,Stable Housing,False,5,0,15,0.12,3,4,5.9,Monthly,0.6,3,0,Active
DC-100233,Demo233,Participant233,Male,Black/African American,Non-Hispanic,Single,19,Employed Full-Time,2371.77,Bachelor's,0,Homeless,True,7,1,19,5.0,5,1,7.0,Daily,10.2,8,1,Active
DC-100234,Demo234,Participant234,Male,White,Non-Hispanic,Single,18,Unemployed,969.14,High School/GED,1,Unstable Housing,False,5,0,24,5.0,3,4,4.7,Never,2.6,0,1,Active
DC-100235,Demo235,Participant235,Female,White,Non-Hispanic,Single,41,Unemployed,758.24,Less than High School,0,Stable Housing,True,1,0,18,0.04,0,2,5.1,Monthly,6.1,2,1,Active
DC-100236,Demo236,Participant236,Male,White,Hispanic,Separated,27,Employed Part-Time,685.65,Less than High School,0,Stable Housing,False,4,1,14,0.31,2,8,4.5,Daily,0.7,6,0,Terminated
DC-100237,Demo237,Participant237,Male,Black/African American,Non-Hispanic,Single,30,Employed Full-Time,3106.89,High School/GED,2,With Family,True,11,3,12,0.61,5,2,9.3,Monthly,5.0,1,1,Active
DC-100238,Demo238,Participant238,Male,White,Hispanic,Separated,26,Unemployed,383.86,Some College,3,Transitional Housing,True,0,0,15,0.0,0,2,2.6,Monthly,1.6,0,0,Active
DC-100239,Demo239,Participant239,Male,Black/African American,Non-Hispanic,Divorced,31,Disabled,723.41,Less than High School,0,Stable Housing,False,4,1,17,0.29,1,1,5.2,Weekly,0.6,4,0,Active
DC-100240,Demo240,Participant240,Female,Native American,Non-Hispanic,Married,49,Employed Part-Time,1042.62,High School/GED,1,With Family,False,1,0,22,0.04,0,7,2.8,Weekly,4.3,0,1,Graduated
DC-100241,Demo241,Participant241,Female,White,Non-Hispanic,Single,42,Employed Part-Time,436.32,High School/GED,3,Unstable Housing,True,6,2,14,0.21,2,5,6.1,Weekly,4.3,6,1,Active
DC-100242,Demo242,Participant242,Female,Black/African American,Non-Hispanic,Single,42,Employed Full-Time,3036.24,High School/GED,0,Transitional Housing,False,0,0,25,0.0,0,5,2.2,Daily,15.0,0,0,Graduated
DC-100243,Demo243,Participant243,Male,White,Non-Hispanic,Single,19,Unemployed,721.75,Some College,3,Unstable Housing,True,2,0,13,0.33,1,10,5.6,Monthly,4.6,3,0,Active
DC-100244,Demo244,Participant244,Male,Hispanic/Latino,Non-Hispanic,Single,22,Employed Full-Time,2690.08,High School/GED,0,Stable Housing,True,0,0,28,0.0,0,4,2.5,Daily,0.5,6,0,Active
DC-100245,Demo245,Participant245,Female,White,Non-Hispanic,Married,18,Employed Part-Time,1443.65,Some College,2,Unstable Housing,False,4,0,25,4.0,1,12,4.5,Daily,1.2,1,1,Active
DC-100246,Demo246,Participant246,Male,Black/African American,Hispanic,Widowed,25,Unemployed,0.0,Less than High School,1,Unstable Housing,True,2,0,19,0.33,0,1,4.5,Monthly,1.8,0,1,Pending
DC-100247,Demo247,Participant247,Female,Hispanic/Latino,Non-Hispanic,Married,43,Unemployed,729.3,Some College,1,Unstable Housing,False,1,0,12,0.03,0,0,5.8,Daily,0.4,1,1,Active
DC-100248,Demo248,Participant248,Female,Native American,Non-Hispanic,Divorced,39,Employed Part-Time,1572.67,Less than High School,3,Stable Housing,False,3,0,18,0.14,0,2,5.1,Rarely,4.7,7,0,Active
DC-100249,Demo249,Participant249,Female,Black/African American,Non-Hispanic,Single,31,Unemployed,414.55,Less than High School,0,With Family,False,10,2,17,0.71,5,4,9.6,Rarely,2.2,5,1,Terminated
DC-100250,Demo250,Participant250,Male,White,Non-Hispanic,Single,33,Unemployed,114.25,High School/GED,0,Stable Housing,False,8,2,13,0.4,3,4,6.4,Daily,8.7,1,1,Active
DC-100251,Demo251,Participant251,Male,Black/African American,Non-Hispanic,Single,27,Employed Full-Time,4167.04,Some College,1,Stable Housing,True,2,0,20,0.29,1,8,3.1,Rarely,2.7,5,0,Graduated
DC-100252,Demo252,Participant252,Female,Hispanic/Latino,Non-Hispanic,Married,36,Employed Full-Time,2757.23,Less than High School,2,Unstable Housing,False,10,2,15,0.48,3,6,9.2,Never,2.2,5,1,Active
DC-100253,Demo253,Participant253,Male,Black/African American,Non-Hispanic,Separated,41,Disabled,767.06,High School/GED,0,Unstable Housing,False,3,0,16,0.12,1,3,3.0,Monthly,0.2,10,0,Active
DC-100254,Demo254,Participant254,Male,White,Non-Hispanic,Divorced,18,Employed Full-Time,3091.76,High School/GED,2,Unstable Housing,True,2,0,18,2.0,1,2,3.9,Rarely,0.5,2,0,Active
DC-100255,Demo255,Participant255,Male,Native American,Non-Hispanic,Single,36,Unemployed,0.0,Less than High School,1,Transitional Housing,False,2,0,16,0.1,1,4,3.5,Daily,5.7,7,0,Terminated
DC-100256,Demo256,Participant256,Female,Black/African American,Non-Hispanic,Single,43,Disabled,390.12,Some College,0,Unstable Housing,False,0,0,27,0.0,0,0,2.0,Daily,14.0,3,1,Active
DC-100257,Demo257,Participant257,Female,Black/African American,Non-Hispanic,Married,29,Employed Part-Time,1533.27,Some College,2,Homeless,False,7,1,16,0.54,4,1,9.5,Weekly,1.6,7,1,Active
DC-100258,Demo258,Participant258,Male,White,Non-Hispanic,Single,41,Employed Part-Time,1713.12,Less than High School,0,Transitional Housing,False,5,1,20,0.24,1,11,6.2,Weekly,5.0,0,0,Active
DC-100259,Demo259,Participant259,Male,Black/African American,Non-Hispanic,Divorced,62,Unemployed,109.08,High School/GED,1,Stable Housing,True,9,2,19,0.21,6,9,9.4,Weekly,3.0,1,0,Active
DC-100260,Demo260,Participant260,Male,White,Non-Hispanic,Divorced,32,Disabled,1180.76,Some College,0,Unstable Housing,False,3,0,20,0.25,1,1,5.0,Monthly,9.6,7,0,Terminated
DC-100261,Demo261,Participant261,Non-binary/Other,Black/African American,Hispanic,Married,37,Disabled,640.76,High School/GED,0,With Family,False,4,0,20,0.24,2,2,4.5,Monthly,0.8,6,1,Active
DC-100262,Demo262,Participant262,Male,White,Non-Hispanic,Single,26,Unemployed,571.2,High School/GED,1,Stable Housing,False,6,1,22,1.5,3,1,6.0,Rarely,2.4,2,1,Terminated
DC-100263,Demo263,Participant263,Male,Black/African American,Non-Hispanic,Single,35,Employed Full-Time,2695.38,Less than High School,1,Unstable Housing,True,2,0,20,0.13,0,4,3.4,Weekly,1.6,4,0,Terminated
DC-100264,Demo264,Participant264,Female,Other,Non-Hispanic,Single,38,Unemployed,469.12,High School/GED,1,With Family,False,1,0,19,0.05,0,3,4.0,Weekly,2.3,2,0,Terminated
DC-100265,Demo265,Participant265,Female,White,Non-Hispanic,Single,35,Unemployed,914.44,Less than High School,1,Stable Housing,False,4,0,19,0.25,2,5,7.2,Daily,0.9,0,0,Active
DC-100266,Demo266,Participant266,Female,Other,Non-Hispanic,Single,23,Unemployed,279.44,Some College,0,Unstable Housing,False,7,2,18,1.4,5,10,6.3,Weekly,2.1,0,1,Active
DC-100267,Demo267,Participant267,Female,White,Non-Hispanic,Divorced,36,Employed Full-Time,2549.23,High School/GED,1,With Family,False,5,1,15,0.24,2,4,4.9,Weekly,2.9,0,0,Active
DC-100268,Demo268,Participant268,Male,Hispanic/Latino,Non-Hispanic,Married,48,Employed Full-Time,2413.42,High School/GED,4,Stable Housing,False,5,1,18,0.17,3,4,4.6,Monthly,0.3,4,0,Active
DC-100269,Demo269,Participant269,Male,Black/African American,Non-Hispanic,Single,38,Unemployed,371.36,Some College,3,Stable Housing,False,6,2,19,0.32,2,5,8.3,Daily,4.1,2,1,Active
DC-100270,Demo270,Participant270,Female,Black/African American,Non-Hispanic,Single,43,Unemployed,1375.79,Less than High School,0,Transitional Housing,False,2,0,20,0.09,1,3,6.5,Daily,3.7,1,0,Active
DC-100271,Demo271,Participant271,Female,Black/African American,Non-Hispanic,Single,31,Employed Part-Time,1126.37,High School/GED,0,Transitional Housing,True,7,2,19,0.58,3,1,7.1,Daily,6.4,8,1,Pending
DC-100272,Demo272,Participant272,Female,Hispanic/Latino,Non-Hispanic,Single,41,Employed Part-Time,891.12,High School/GED,4,Unstable Housing,False,9,2,18,0.39,4,15,8.0,Never,1.7,1,0,Active
DC-100273,Demo273,Participant273,Female,White,Non-Hispanic,Divorced,36,Unemployed,941.33,High School/GED,1,Unstable Housing,False,5,1,18,0.28,2,4,6.4,Weekly,0.2,5,1,Active
DC-100274,Demo274,Participant274,Male,White,Hispanic,Single,24,Unemployed,173.6,Associate's,1,Transitional Housing,False,1,0,16,0.12,0,5,4.6,Weekly,1.9,7,1,Graduated
DC-100275,Demo275,Participant275,Male,Black/African American,Non-Hispanic,Single,37,Employed Part-Time,1479.79,Some College,2,Transitional Housing,False,4,1,20,0.24,2,5,5.9,Monthly,0.4,1,0,Active
DC-100276,Demo276,Participant276,Female,Hispanic/Latino,Non-Hispanic,Single,24,Employed Full-Time,2755.71,Less than High School,0,Stable Housing,False,1,0,18,0.17,0,1,3.8,Daily,3.1,1,0,Active
DC-100277,Demo277,Participant277,Male,Black/African American,Non-Hispanic,Divorced,27,Employed Part-Time,1672.0,Some College,1,Stable Housing,False,3,1,19,0.38,1,3,5.2,Monthly,0.1,4,0,Active
DC-100278,Demo278,Participant278,Female,Black/African American,Non-Hispanic,Married,35,Disabled,462.29,High School/GED,4,Unstable Housing,True,1,0,23,0.08,0,3,4.2,Monthly,1.4,3,0,Active
DC-100279,Demo279,Participant279,Female,White,Non-Hispanic,Single,36,Unemployed,774.52,Associate's,2,Transitional Housing,True,3,0,16,0.15,1,5,3.2,Weekly,0.3,3,0,Active
DC-100280,Demo280,Participant280,Female,Hispanic/Latino,Non-Hispanic,Married,22,Unemployed,665.62,High School/GED,0,With Family,False,1,0,21,1.0,0,3,4.2,Monthly,0.0,4,1,Active
DC-100281,Demo281,Participant281,Male,White,Non-Hispanic,Divorced,44,Unemployed,549.96,High School/GED,0,With Family,False,3,1,19,0.12,1,2,5.8,Daily,9.7,8,1,Active
DC-100282,Demo282,Participant282,Male,White,Non-Hispanic,Separated,39,Employed Part-Time,2115.52,High School/GED,0,With Family,False,0,0,27,0.0,0,2,3.4,Weekly,15.0,0,0,Active
DC-100283,Demo283,Participant283,Male,White,Non-Hispanic,Single,26,Unemployed,306.59,High School/GED,2,Unstable Housing,False,6,1,18,0.75,3,3,6.5,Weekly,2.4,6,1,Active
DC-100284,Demo284,Participant284,Male,White,Non-Hispanic,Separated,18,Unemployed,150.83,High School/GED,0,Unstable Housing,False,3,0,21,3.0,1,3,5.2,Weekly,0.8,1,0,Active
DC-100285,Demo285,Participant285,Male,White,Non-Hispanic,Separated,32,Employed Full-Time,1962.33,Less than High School,0,Transitional Housing,False,2,0,19,0.15,0,16,3.1,Rarely,7.3,2,0,Active
DC-100286,Demo286,Participant286,Male,White,Non-Hispanic,Separated,29,Employed Full-Time,2614.11,Some College,4,Transitional Housing,False,0,0,13,0.0,0,0,1.2,Daily,7.7,0,0,Active
DC-100287,Demo287,Participant287,Male,Black/African American,Non-Hispanic,Married,35,Unemployed,1075.35,High School/GED,0,Unstable Housing,False,1,0,16,0.05,0,4,5.2,Daily,5.8,3,1,Terminated
DC-100288,Demo288,Participant288,Male,White,Non-Hispanic,Married,30,Disabled,362.99,Bachelor's,0,Stable Housing,False,1,0,22,0.12,0,7,2.3,Weekly,2.4,6,0,Active
DC-100289,Demo289,Participant289,Male,White,Non-Hispanic,Single,18,Employed Part-Time,1195.81,Less than High School,0,With Family,False,6,1,17,5.0,2,7,5.7,Daily,0.2,0,1,Active
DC-100290,Demo290,Participant290,Male,White,Non-Hispanic,Divorced,30,Unemployed,514.89,Some College,0,Unstable Housing,False,5,1,10,0.25,3,9,5.6,Weekly,0.3,2,1,Pending
DC-100291,Demo291,Participant291,Male,White,Non-Hispanic,Married,30,Unemployed,957.14,Associate's,1,Stable Housing,False,6,1,18,0.5,3,3,8.3,Weekly,6.8,2,1,Graduated
DC-100292,Demo292,Participant292,Female,White,Non-Hispanic,Divorced,40,Employed Part-Time,482.34,Some College,3,Homeless,False,3,0,14,0.12,1,10,5.6,Daily,6.3,0,0,Active
DC-100293,Demo293,Participant293,Male,White,Non-Hispanic,Single,27,Employed Full-Time,2570.54,Some College,3,Homeless,False,5,0,19,0.62,3,2,6.2,Weekly,1.7,6,0,Pending
DC-100294,Demo294,Participant294,Male,Black/African American,Hispanic,Divorced,50,Employed Full-Time,1801.79,Some College,1,Stable Housing,False,3,0,25,0.12,0,5,4.9,Weekly,1.2,6,0,Active
DC-100295,Demo295,Participant295,Male,Black/African American,Non-Hispanic,Divorced,18,Unemployed,888.28,High School/GED,1,Transitional Housing,True,0,0,22,0.0,0,8,6.0,Never,3.1,7,1,Pending
DC-100296,Demo296,Participant296,Female,Black/African American,Non-Hispanic,Single,47,Employed Full-Time,3380.53,High School/GED,1,Stable Housing,False,2,0,25,0.09,1,2,4.2,Weekly,4.9,4,0,Active
DC-100297,Demo297,Participant297,Male,White,Non-Hispanic,Divorced,31,Employed Part-Time,577.22,Less than High School,0,Stable Housing,False,11,2,16,0.73,7,10,8.0,Daily,3.9,3,1,Active
DC-100298,Demo298,Participant298,Male,White,Non-Hispanic,Married,42,Unemployed,201.66,High School/GED,0,Unstable Housing,False,6,1,18,0.25,2,7,7.4,Weekly,2.9,2,1,Graduated
DC-100299,Demo299,Participant299,Male,Hispanic/Latino,Non-Hispanic,Divorced,34,Unemployed,513.44,Less than High School,4,Transitional Housing,False,3,0,14,0.15,1,3,3.4,Monthly,0.8,5,1,Active
DC-100300,Demo300,Participant300,Male,White,Non-Hispanic,Single,45,Employed Full-Time,2671.18,Some College,0,With Family,True,3,1,16,0.1,1,5,4.7,Weekly,0.9,3,1,Active
DC-100301,Demo301,Participant301,Male,White,Hispanic,Single,30,Unemployed,943.95,High School/GED,0,Transitional Housing,True,0,0,15,0.0,0,7,5.8,Weekly,3.9,9,1,Graduated
DC-100302,Demo302,Participant302,Male,White,Non-Hispanic,Separated,23,Unemployed,266.3,High School/GED,1,With Family,False,1,0,13,0.1,0,1,4.4,Never,4.9,9,1,Active
DC-100303,Demo303,Participant303,Male,White,Non-Hispanic,Single,48,Unemployed,249.67,Less than High School,1,Stable Housing,True,1,0,24,0.04,0,5,4.3,Daily,0.4,8,0,Terminated
DC-100304,Demo304,Participant304,Female,White,Non-Hispanic,Divorced,32,Unemployed,982.41,Graduate,0,Stable Housing,False,1,0,10,0.05,0,13,4.2,Daily,0.6,2,0,Active
DC-100305,Demo305,Participant305,Female,White,Non-Hispanic,Married,36,Employed Full-Time,2836.77,Less than High School,0,Unstable Housing,True,2,0,24,0.17,0,1,3.4,Weekly,3.4,2,0,Terminated
DC-100306,Demo306,Participant306,Male,Black/African American,Non-Hispanic,Married,46,Unemployed,752.79,Less than High School,0,Stable Housing,False,4,1,23,0.17,1,2,6.2,Rarely,1.5,7,0,Active
DC-100307,Demo307,Participant307,Male,White,Non-Hispanic,Single,23,Unemployed,415.18,Less than High School,2,Transitional Housing,True,2,0,20,0.67,1,2,5.4,Weekly,2.5,5,1,Active
DC-100308,Demo308,Participant308,Female,Black/African American,Non-Hispanic,Married,39,Unemployed,1085.11,Bachelor's,0,Homeless,False,0,0,14,0.0,0,2,5.0,Rarely,2.9,5,1,Active
DC-100309,Demo309,Participant309,Male,Black/African American,Non-Hispanic,Single,28,Unemployed,368.87,Bachelor's,1,With Family,False,3,0,12,0.19,1,3,2.5,Weekly,4.5,2,0,Graduated
DC-100310,Demo310,Participant310,Male,Hispanic/Latino,Non-Hispanic,Single,32,Unemployed,943.01,High School/GED,1,Stable Housing,True,2,0,16,0.12,1,2,5.1,Rarely,4.9,7,0,Active
DC-100311,Demo311,Participant311,Male,Black/African American,Non-Hispanic,Single,34,Employed Full-Time,3450.25,Associate's,3,Unstable Housing,False,4,1,21,0.31,1,3,7.2,Weekly,1.0,4,1,Active
DC-100312,Demo312,Participant312,Male,Native American,Non-Hispanic,Single,18,Unemployed,675.66,Less than High School,0,Unstable Housing,False,0,0,19,0.0,0,5,3.4,Monthly,2.3,3,0,Active
DC-100313,Demo313,Participant313,Female,White,Non-Hispanic,Widowed,26,Unemployed,8.91,Bachelor's,0,Stable Housing,False,1,0,14,0.08,0,1,2.7,Daily,0.4,7,1,Active
DC-100314,Demo314,Participant314,Female,White,Non-Hispanic,Separated,47,Unemployed,0.0,Less than High School,1,Unstable Housing,True,3,1,23,0.12,2,8,6.2,Daily,5.5,2,1,Active
DC-100315,Demo315,Participant315,Female,White,Non-Hispanic,Single,42,Employed Part-Time,1006.43,Less than High School,2,Unstable Housing,False,1,0,25,0.06,0,4,5.1,Daily,5.6,5,1,Graduated
DC-100316,Demo316,Participant316,Male,Black/African American,Non-Hispanic,Divorced,33,Disabled,674.07,Less than High School,0,Unstable Housing,False,7,0,18,0.47,2,2,6.3,Monthly,1.1,3,1,Active
DC-100317,Demo317,Participant317,Male,Hispanic/Latino,Hispanic,Single,36,Unemployed,262.44,High School/GED,1,Stable Housing,False,0,0,19,0.0,0,2,5.5,Never,0.5,4,0,Active
DC-100318,Demo318,Participant318,Male,White,Non-Hispanic,Divorced,31,Employed Full-Time,2401.21,Some College,0,Stable Housing,False,6,2,12,0.32,2,1,7.2,Weekly,0.2,0,1,Terminated
DC-100319,Demo319,Participant319,Male,Native American,Non-Hispanic,Divorced,47,Unemployed,768.44,High School/GED,0,Unstable Housing,False,3,0,17,0.1,1,3,5.7,Rarely,2.6,3,1,Active
DC-100320,Demo320,Participant320,Male,White,Hispanic,Separated,31,Unemployed,768.86,Bachelor's,1,Stable Housing,False,3,0,21,0.3,2,4,4.5,Rarely,0.3,4,0,Terminated
DC-100321,Demo321,Participant321,Female,Native American,Non-Hispanic,Single,36,Unemployed,558.68,High School/GED,0,Stable Housing,False,4,0,20,0.25,2,1,5.7,Weekly,3.4,3,0,Terminated
DC-100322,Demo322,Participant322,Male,White,Non-Hispanic,Divorced,45,Unemployed,834.06,Less than High School,3,Stable Housing,True,1,0,16,0.03,0,2,4.2,Weekly,3.4,7,0,Active
DC-100323,Demo323,Participant323,Male,White,Non-Hispanic,Single,26,Disabled,247.74,High School/GED,1,Stable Housing,False,4,1,17,0.44,2,5,5.0,Never,2.9,2,0,Pending
DC-100324,Demo324,Participant324,Female,White,Non-Hispanic,Widowed,49,Employed Part-Time,836.12,Some College,1,Unstable Housing,False,1,0,17,0.03,0,2,3.1,Weekly,6.3,7,1,Active
DC-100325,Demo325,Participant325,Female,White,Non-Hispanic,Single,18,Unemployed,1094.36,Some College,1,Stable Housing,False,5,1,17,5.0,1,5,6.5,Weekly,1.4,3,1,Pending
DC-100326,Demo326,Participant326,Male,White,Non-Hispanic,Married,50,Disabled,620.5,High School/GED,1,Unstable Housing,False,1,0,20,0.03,0,2,2.1,Monthly,7.0,5,1,Active
DC-100327,Demo327,Participant327,Male,White,Non-Hispanic,Married,30,Disabled,637.89,High School/GED,0,Homeless,False,5,0,11,0.26,3,5,7.3,Daily,0.1,0,1,Active
DC-100328,Demo328,Participant328,Male,Hispanic/Latino,Non-Hispanic,Divorced,31,Unemployed,1291.78,Less than High School,3,Homeless,True,1,0,18,0.08,0,7,4.8,Rarely,0.4,1,1,Graduated
DC-100329,Demo329,Participant329,Male,White,Non-Hispanic,Single,18,Unemployed,180.2,High School/GED,5,Transitional Housing,False,0,0,20,0.0,0,9,3.5,Monthly,1.6,6,0,Terminated
DC-100330,Demo330,Participant330,Male,White,Non-Hispanic,Separated,29,Employed Full-Time,2689.51,Bachelor's,0,Unstable Housing,False,2,0,16,0.15,0,4,4.1,Rarely,2.7,0,0,Active
DC-100331,Demo331,Participant331,Female,Black/African American,Non-Hispanic,Single,23,Unemployed,1099.2,Less than High School,0,Unstable Housing,True,0,0,17,0.0,0,2,2.9,Rarely,0.1,9,0,Active
DC-100332,Demo332,Participant332,Male,Black/African American,Non-Hispanic,Married,27,Employed Part-Time,2044.52,Associate's,0,Transitional Housing,False,6,0,17,0.6,4,6,3.4,Daily,2.5,1,1,Active
DC-100333,Demo333,Participant333,Male,White,Hispanic,Single,32,Employed Full-Time,2897.76,High School/GED,2,Unstable Housing,False,4,1,17,0.27,2,5,4.7,Monthly,1.1,8,1,Graduated
DC-100334,Demo334,Participant334,Male,White,Hispanic,Single,43,Employed Part-Time,1070.78,Less than High School,2,Homeless,False,2,0,19,0.08,0,2,3.9,Weekly,6.5,3,0,Active
DC-100335,Demo335,Participant335,Male,White,Non-Hispanic,Married,36,Unemployed,393.98,Bachelor's,3,Unstable Housing,False,4,1,19,0.24,1,0,6.6,Weekly,2.3,4,1,Graduated
DC-100336,Demo336,Participant336,Female,White,Hispanic,Single,37,Employed Part-Time,1031.46,High School/GED,2,Unstable Housing,False,0,0,10,0.0,0,3,1.8,Weekly,2.7,0,0,Active
DC-100337,Demo337,Participant337,Female,Black/African American,Non-Hispanic,Single,23,Employed Part-Time,1448.54,High School/GED,1,Transitional Housing,False,2,0,21,1.0,1,2,5.3,Daily,8.7,2,0,Active
DC-100338,Demo338,Participant338,Male,White,Hispanic,Single,25,Employed Full-Time,2546.36,Less than High School,1,Stable Housing,False,1,0,17,0.12,0,6,3.4,Daily,4.3,1,0,Active
DC-100339,Demo339,Participant339,Male,White,Non-Hispanic,Single,51,Employed Part-Time,1077.62,Less than High School,2,Stable Housing,False,1,0,26,0.04,0,1,3.5,Never,1.7,3,1,Graduated
DC-100340,Demo340,Participant340,Male,Black/African American,Non-Hispanic,Divorced,26,Unemployed,579.77,Some College,1,Stable Housing,True,3,0,14,0.25,1,4,3.0,Daily,1.9,4,1,Pending
DC-100341,Demo341,Participant341,Male,White,Non-Hispanic,Separated,50,Unemployed,958.08,High School/GED,1,Stable Housing,False,8,3,15,0.23,5,10,8.6,Weekly,3.1,5,1,Active
DC-100342,Demo342,Participant342,Male,Black/African American,Non-Hispanic,Single,31,Employed Part-Time,1161.86,Associate's,2,Stable Housing,True,2,0,18,0.15,0,5,3.7,Monthly,0.7,7,0,Pending
DC-100343,Demo343,Participant343,Male,White,Non-Hispanic,Single,34,Unemployed,870.63,Less than High School,1,Unstable Housing,False,6,2,20,0.43,3,7,5.9,Weekly,0.3,3,1,Pending
DC-100344,Demo344,Participant344,Male,Native American,Non-Hispanic,Single,44,Disabled,662.25,Less than High School,2,Transitional Housing,False,6,0,11,0.18,3,13,5.5,Daily,1.1,1,1,Terminated
DC-100345,Demo345,Participant345,Male,White,Non-Hispanic,Single,46,Unemployed,733.7,Less than High School,1,Transitional Housing,False,0,0,15,0.0,0,8,3.4,Rarely,4.5,2,1,Terminated
DC-100346,Demo346,Participant346,Male,Hispanic/Latino,Non-Hispanic,Divorced,32,Employed Part-Time,1967.44,High School/GED,2,Stable Housing,False,1,0,21,0.09,0,4,3.2,Daily,0.9,7,0,Graduated
DC-100347,Demo347,Participant347,Male,Black/African American,Non-Hispanic,Married,30,Unemployed,118.59,Graduate,2,With Family,True,5,1,15,0.33,3,5,6.3,Monthly,0.4,1,1,Active
DC-100348,Demo348,Participant348,Male,White,Non-Hispanic,Single,33,Employed Full-Time,2879.42,Some College,1,Unstable Housing,False,2,0,24,0.22,0,3,3.3,Monthly,0.7,4,0,Active
DC-100349,Demo349,Participant349,Male,Black/African American,Non-Hispanic,Single,37,Employed Full-Time,2930.09,High School/GED,2,Unstable Housing,False,3,0,17,0.15,1,4,4.4,Daily,3.4,0,0,Graduated
DC-100350,Demo350,Participant350,Male,Native American,Non-Hispanic,Single,42,Employed Part-Time,976.48,Some College,1,Transitional Housing,False,7,1,15,0.26,2,4,6.2,Weekly,2.9,1,1,Pending
DC-100351,Demo351,Participant351,Female,Black/African American,Non-Hispanic,Divorced,34,Unemployed,849.36,Some College,0,Transitional Housing,False,2,0,21,0.15,0,6,5.1,Never,3.5,4,1,Active
DC-100352,Demo352,Participant352,Male,Hispanic/Latino,Non-Hispanic,Widowed,40,Employed Part-Time,1064.87,Less than High School,0,Transitional Housing,False,1,0,25,0.07,0,7,2.9,Weekly,1.2,3,1,Graduated
DC-100353,Demo353,Participant353,Male,Hispanic/Latino,Non-Hispanic,Single,50,Employed Full-Time,2368.7,Some College,1,Stable Housing,False,2,0,20,0.07,0,4,2.7,Daily,6.9,3,0,Graduated
DC-100354,Demo354,Participant354,Male,White,Hispanic,Single,37,Employed Full-Time,2071.86,High School/GED,1,Unstable Housing,False,1,0,24,0.08,0,8,2.7,Weekly,1.8,5,0,Active
DC-100355,Demo355,Participant355,Male,White,Non-Hispanic,Divorced,37,Unemployed,1014.04,Less than High School,4,Transitional Housing,False,2,0,25,0.17,1,3,6.0,Rarely,2.2,1,0,Active
DC-100356,Demo356,Participant356,Male,Black/African American,Non-Hispanic,Separated,18,Unemployed,1211.16,Less than High School,0,Unstable Housing,False,5,1,15,1.67,1,4,7.3,Weekly,8.9,2,1,Graduated
DC-100357,Demo357,Participant357,Male,White,Hispanic,Single,18,Employed Part-Time,1523.43,High School/GED,1,Homeless,False,6,0,22,5.0,2,7,8.1,Daily,11.6,5,1,Active
DC-100358,Demo358,Participant358,Female,Hispanic/Latino,Non-Hispanic,Single,37,Unemployed,753.16,High School/GED,0,Unstable Housing,False,2,0,12,0.08,1,12,5.9,Weekly,3.3,4,1,Active
DC-100359,Demo359,Participant359,Male,Hispanic/Latino,Non-Hispanic,Single,33,Unemployed,660.52,High School/GED,0,Transitional Housing,True,4,0,20,0.31,1,11,4.9,Weekly,8.7,0,0,Active
DC-100360,Demo360,Participant360,Male,White,Non-Hispanic,Married,28,Unemployed,759.11,Less than High School,2,Stable Housing,False,1,0,18,0.1,0,0,4.5,Daily,2.3,5,1,Graduated
DC-100361,Demo361,Participant361,Male,White,Non-Hispanic,Single,36,Employed Part-Time,1200.71,Some College,0,Unstable Housing,True,0,0,23,0.0,0,12,3.1,Rarely,1.1,4,0,Active
DC-100362,Demo362,Participant362,Male,Black/African American,Non-Hispanic,Single,33,Unemployed,589.63,Graduate,1,Stable Housing,True,1,0,23,0.1,0,10,4.9,Weekly,1.1,0,0,Terminated
DC-100363,Demo363,Participant363,Male,White,Non-Hispanic,Married,45,Employed Part-Time,999.9,Some College,2,Homeless,False,2,0,21,0.08,0,2,5.0,Monthly,2.5,6,1,Active
DC-100364,Demo364,Participant364,Female,Hispanic/Latino,Non-Hispanic,Single,34,Unemployed,1303.69,High School/GED,1,Transitional Housing,True,0,0,20,0.0,0,3,3.9,Rarely,2.8,3,1,Active
DC-100365,Demo365,Participant365,Male,White,Hispanic,Divorced,26,Employed Full-Time,2006.19,Less than High School,3,Stable Housing,False,6,1,21,1.2,2,8,6.0,Monthly,1.7,1,0,Active
DC-100366,Demo366,Participant366,Female,Black/African American,Non-Hispanic,Single,43,Employed Part-Time,90.47,Less than High School,1,Homeless,True,6,0,19,0.25,4,11,7.4,Daily,6.5,4,1,Terminated
DC-100367,Demo367,Participant367,Female,White,Non-Hispanic,Single,31,Employed Part-Time,1128.15,Less than High School,0,Unstable Housing,True,0,0,18,0.0,0,9,3.7,Rarely,1.7,4,0,Active
DC-100368,Demo368,Participant368,Male,Black/African American,Non-Hispanic,Married,39,Unemployed,1077.61,High School/GED,3,Stable Housing,True,1,0,24,0.07,0,3,4.3,Monthly,1.0,8,1,Active
DC-100369,Demo369,Participant369,Male,White,Non-Hispanic,Single,29,Employed Full-Time,1791.31,High School/GED,3,Unstable Housing,True,1,0,25,0.25,0,0,3.5,Monthly,0.0,6,0,Graduated
DC-100370,Demo370,Participant370,Male,Black/African American,Non-Hispanic,Widowed,27,Unemployed,167.04,Some College,0,Stable Housing,True,4,0,18,0.44,1,2,5.6,Never,10.6,2,0,Terminated
DC-100371,Demo371,Participant371,Male,White,Non-Hispanic,Married,34,Employed Full-Time,3589.38,Some College,0,Unstable Housing,False,2,0,19,0.13,0,7,5.4,Weekly,5.2,0,0,Active
DC-100372,Demo372,Participant372,Male,Black/African American,Non-Hispanic,Single,34,Unemployed,1123.29,High School/GED,0,Unstable Housing,False,0,0,19,0.0,0,13,2.1,Daily,2.9,7,0,Active
DC-100373,Demo373,Participant373,Female,Hispanic/Latino,Non-Hispanic,Divorced,38,Unemployed,799.08,High School/GED,0,Transitional Housing,False,5,1,12,0.19,3,1,5.3,Never,5.3,7,1,Active
DC-100374,Demo374,Participant374,Male,White,Non-Hispanic,Single,31,Unemployed,661.44,Some College,4,Transitional Housing,False,6,0,17,0.43,2,5,6.9,Rarely,5.0,1,1,Active
DC-100375,Demo375,Participant375,Male,White,Non-Hispanic,Separated,18,Unemployed,722.74,High School/GED,1,Homeless,True,6,0,25,5.0,2,8,8.0,Weekly,8.1,0,1,Active
DC-100376,Demo376,Participant376,Female,White,Non-Hispanic,Single,29,Unemployed,1024.45,Less than High School,0,Stable Housing,True,3,1,16,0.23,2,3,5.8,Weekly,1.5,5,1,Active
DC-100377,Demo377,Participant377,Male,Black/African American,Non-Hispanic,Married,41,Employed Part-Time,1000.41,High School/GED,3,With Family,True,0,0,27,0.0,0,3,3.7,Weekly,2.4,5,1,Active
DC-100378,Demo378,Participant378,Female,Black/African American,Non-Hispanic,Single,31,Unemployed,566.45,Less than High School,1,Homeless,False,1,0,23,0.12,0,1,5.9,Monthly,0.3,1,1,Active
DC-100379,Demo379,Participant379,Male,White,Non-Hispanic,Single,31,Employed Part-Time,2161.94,Less than High School,0,Stable Housing,True,0,0,20,0.0,0,2,2.4,Daily,10.1,5,0,Active
DC-100380,Demo380,Participant380,Male,White,Non-Hispanic,Divorced,43,Unemployed,249.64,Some College,4,Transitional Housing,False,0,0,21,0.0,0,3,4.4,Weekly,12.6,2,1,Active
DC-100381,Demo381,Participant381,Female,White,Non-Hispanic,Divorced,26,Unemployed,501.49,Some College,3,Stable Housing,True,6,1,15,0.55,1,3,6.7,Weekly,4.7,2,1,Terminated
DC-100382,Demo382,Participant382,Male,Black/African American,Hispanic,Single,18,Employed Part-Time,729.11,Less than High School,3,Unstable Housing,True,8,2,17,5.0,4,2,6.8,Rarely,1.8,2,1,Active
DC-100383,Demo383,Participant383,Female,White,Non-Hispanic,Single,32,Employed Part-Time,1387.42,Less than High School,1,Unstable Housing,False,0,0,24,0.0,0,1,3.7,Monthly,2.1,3,0,Graduated
DC-100384,Demo384,Participant384,Female,Other,Non-Hispanic,Divorced,29,Unemployed,793.29,Some College,2,Unstable Housing,False,4,0,16,0.31,2,5,6.1,Daily,1.7,6,1,Terminated
DC-100385,Demo385,Participant385,Female,White,Non-Hispanic,Separated,24,Unemployed,643.94,Less than High School,0,With Family,False,3,0,23,3.0,1,4,5.2,Monthly,1.0,3,1,Active
DC-100386,Demo386,Participant386,Male,Black/African American,Hispanic,Single,32,Disabled,757.0,High School/GED,1,Unstable Housing,False,1,0,13,0.05,0,6,5.1,Rarely,2.3,2,1,Active
DC-100387,Demo387,Participant387,Male,White,Non-Hispanic,Single,38,Unemployed,359.82,Less than High School,5,Stable Housing,False,7,1,14,0.29,4,2,8.4,Weekly,0.2,7,1,Active
DC-100388,Demo388,Participant388,Female,White,Hispanic,Single,33,Unemployed,507.15,Less than High School,0,With Family,False,4,1,26,0.57,1,10,6.9,Weekly,14.4,0,0,Active
DC-100389,Demo389,Participant389,Female,Black/African American,Hispanic,Divorced,37,Disabled,657.6,Some College,2,With Family,False,7,2,18,0.37,2,3,9.4,Weekly,1.7,6,0,Active
DC-100390,Demo390,Participant390,Non-binary/Other,Black/African American,Non-Hispanic,Single,52,Employed Full-Time,2528.49,Some College,1,Homeless,False,7,2,16,0.19,3,4,8.2,Weekly,7.9,6,1,Terminated
DC-100391,Demo391,Participant391,Male,Other,Hispanic,Single,30,Employed Part-Time,1380.49,Less than High School,0,Unstable Housing,False,0,0,24,0.0,0,2,2.5,Weekly,3.9,1,1,Active
DC-100392,Demo392,Participant392,Male,White,Non-Hispanic,Divorced,36,Unemployed,558.5,High School/GED,2,Stable Housing,False,0,0,23,0.0,0,7,4.7,Weekly,1.0,1,0,Active
DC-100393,Demo393,Participant393,Female,White,Non-Hispanic,Single,28,Unemployed,486.77,Less than High School,0,Transitional Housing,False,4,0,22,0.67,2,2,5.1,Daily,0.8,7,1,Pending
DC-100394,Demo394,Participant394,Male,Black/African American,Non-Hispanic,Married,25,Unemployed,1547.33,Less than High School,2,Stable Housing,False,0,0,16,0.0,0,2,3.8,Weekly,15.0,4,1,Active
DC-100395,Demo395,Participant395,Female,Black/African American,Non-Hispanic,Single,28,Unemployed,872.04,Graduate,0,Stable Housing,False,2,0,17,0.18,1,8,3.6,Weekly,4.4,0,0,Active
DC-100396,Demo396,Participant396,Female,White,Non-Hispanic,Single,29,Employed Full-Time,3774.43,High School/GED,4,Unstable Housing,False,2,0,20,0.22,0,3,4.4,Monthly,0.9,7,0,Active
DC-100397,Demo397,Participant397,Male,White,Non-Hispanic,Single,37,Unemployed,530.04,High School/GED,0,Stable Housing,False,1,0,21,0.06,0,7,2.7,Daily,0.2,2,1,Pending
DC-100398,Demo398,Participant398,Female,White,Hispanic,Married,57,Employed Part-Time,1704.34,Some College,0,Stable Housing,False,0,0,16,0.0,0,3,2.9,Never,3.6,2,1,Active
DC-100399,Demo399,Participant399,Female,Hispanic/Latino,Non-Hispanic,Single,26,Employed Part-Time,1446.67,Some College,0,Unstable Housing,False,3,0,19,0.43,1,6,4.2,Weekly,1.1,5,1,Active
DC-100400,Demo400,Participant400,Male,White,Non-Hispanic,Married,29,Unemployed,687.85,Some College,4,Stable Housing,False,4,1,20,0.44,1,12,5.5,Monthly,0.8,5,0,Active
DC-100401,Demo401,Participant401,Female,White,Hispanic,Divorced,33,Employed Full-Time,2598.0,Less than High School,2,Stable Housing,True,0,0,24,0.0,0,5,1.2,Weekly,4.0,2,0,Active
DC-100402,Demo402,Participant402,Male,White,Hispanic,Divorced,37,Unemployed,129.18,Less than High School,2,Stable Housing,False,7,1,22,0.47,2,3,5.3,Monthly,3.4,1,0,Active
DC-100403,Demo403,Participant403,Female,White,Hispanic,Single,36,Unemployed,408.94,High School/GED,1,Stable Housing,True,0,0,12,0.0,0,3,3.1,Weekly,2.0,4,0,Active
DC-100404,Demo404,Participant404,Male,White,Non-Hispanic,Single,46,Unemployed,662.14,High School/GED,1,Homeless,False,0,0,18,0.0,0,1,5.8,Never,8.6,4,1,Active
DC-100405,Demo405,Participant405,Female,White,Hispanic,Single,18,Employed Full-Time,2488.64,Bachelor's,0,Transitional Housing,False,0,0,15,0.0,0,0,3.3,Weekly,3.4,7,1,Pending
DC-100406,Demo406,Participant406,Male,White,Non-Hispanic,Single,18,Employed Part-Time,905.57,Some College,1,Unstable Housing,False,2,0,21,2.0,1,5,3.8,Daily,6.7,3,0,Terminated
DC-100407,Demo407,Participant407,Male,Hispanic/Latino,Non-Hispanic,Single,29,Employed Full-Time,2768.41,Bachelor's,0,Unstable Housing,False,7,2,22,1.0,4,11,5.9,Monthly,0.6,5,1,Terminated
DC-100408,Demo408,Participant408,Female,White,Non-Hispanic,Divorced,44,Student,374.6,Less than High School,4,Stable Housing,True,1,0,19,0.04,0,0,3.7,Never,1.1,0,0,Active
DC-100409,Demo409,Participant409,Male,White,Non-Hispanic,Single,18,Unemployed,1056.03,Some College,2,Stable Housing,True,0,0,17,0.0,0,2,2.0,Weekly,0.3,7,0,Active
DC-100410,Demo410,Participant410,Male,Hispanic/Latino,Non-Hispanic,Single,18,Unemployed,639.34,High School/GED,1,Stable Housing,False,6,0,19,5.0,2,9,3.8,Daily,1.1,2,1,Active
DC-100411,Demo411,Participant411,Female,Black/African American,Non-Hispanic,Single,39,Employed Part-Time,1739.65,Bachelor's,0,Unstable Housing,True,3,0,19,0.15,1,5,4.0,Never,10.7,4,0,Active
DC-100412,Demo412,Participant412,Female,White,Non-Hispanic,Divorced,36,Disabled,1215.37,Less than High School,2,Transitional Housing,False,6,0,16,0.3,2,10,4.9,Never,9.9,8,1,Active
DC-100413,Demo413,Participant413,Male,White,Non-Hispanic,Single,23,Employed Part-Time,1388.2,High School/GED,0,Homeless,False,2,0,14,0.22,1,7,6.3,Weekly,4.3,6,1,Active
DC-100414,Demo414,Participant414,Male,White,Non-Hispanic,Married,24,Employed Full-Time,2497.39,Some College,0,Unstable Housing,False,5,1,10,0.36,2,2,5.7,Monthly,2.2,4,0,Active
DC-100415,Demo415,Participant415,Male,Black/African American,Non-Hispanic,Single,24,Unemployed,518.27,High School/GED,0,Stable Housing,False,0,0,24,0.0,0,2,5.5,Weekly,4.6,5,0,Active
DC-100416,Demo416,Participant416,Male,Other,Non-Hispanic,Separated,35,Disabled,13.62,High School/GED,1,Transitional Housing,False,3,0,20,0.2,1,3,3.7,Daily,2.4,8,1,Active
DC-100417,Demo417,Participant417,Male,Black/African American,Non-Hispanic,Separated,27,Employed Full-Time,2295.32,Bachelor's,2,Stable Housing,False,0,0,20,0.0,0,1,3.5,Rarely,0.0,6,0,Active
DC-100418,Demo418,Participant418,Male,Black/African American,Non-Hispanic,Single,38,Employed Part-Time,1336.84,High School/GED,0,Transitional Housing,False,0,0,24,0.0,0,3,2.7,Weekly,2.1,4,0,Terminated
DC-100419,Demo419,Participant419,Female,Black/African American,Non-Hispanic,Single,18,Disabled,762.18,High School/GED,0,Unstable Housing,True,3,1,13,0.6,0,1,6.1,Weekly,2.7,5,1,Active
DC-100420,Demo420,Participant420,Female,White,Hispanic,Single,25,Employed Full-Time,1852.37,Less than High School,1,Transitional Housing,False,2,0,12,0.15,1,4,3.6,Daily,0.9,1,0,Pending
DC-100421,Demo421,Participant421,Female,White,Non-Hispanic,Single,22,Employed Full-Time,3314.13,Some College,2,With Family,False,3,1,20,1.5,1,5,5.6,Daily,0.7,3,1,Terminated
DC-100422,Demo422,Participant422,Male,Black/African American,Non-Hispanic,Divorced,31,Unemployed,403.17,High School/GED,0,With Family,True,0,0,20,0.0,0,1,2.7,Weekly,1.0,2,0,Graduated
DC-100423,Demo423,Participant423,Male,Native American,Non-Hispanic,Divorced,28,Unemployed,980.78,High School/GED,0,Unstable Housing,False,5,1,12,0.31,2,4,5.9,Weekly,2.9,3,1,Pending
DC-100424,Demo424,Participant424,Male,White,Non-Hispanic,Divorced,41,Unemployed,450.8,Less than High School,4,Unstable Housing,False,4,0,20,0.19,2,5,5.3,Weekly,0.5,5,0,Active
DC-100425,Demo425,Participant425,Male,Black/African American,Non-Hispanic,Divorced,18,Student,688.22,High School/GED,4,Stable Housing,False,6,1,17,5.0,4,0,7.2,Monthly,3.8,1,1,Active
DC-100426,Demo426,Participant426,Male,White,Non-Hispanic,Single,34,Unemployed,649.0,Less than High School,5,With Family,False,5,1,15,0.26,2,9,4.1,Monthly,1.6,0,1,Terminated
DC-100427,Demo427,Participant427,Female,White,Non-Hispanic,Single,39,Employed Full-Time,1750.57,Less than High School,2,Unstable Housing,False,0,0,17,0.0,0,1,2.7,Daily,1.3,2,1,Active
DC-100428,Demo428,Participant428,Male,White,Non-Hispanic,Divorced,52,Student,891.42,High School/GED,0,Stable Housing,False,2,0,10,0.05,0,5,3.4,Weekly,4.9,2,0,Active
DC-100429,Demo429,Participant429,Male,White,Non-Hispanic,Single,29,Unemployed,211.42,Less than High School,0,Unstable Housing,False,3,1,16,0.23,1,5,3.4,Never,2.1,3,1,Active
DC-100430,Demo430,Participant430,Male,Black/African American,Non-Hispanic,Divorced,37,Employed Part-Time,1588.98,Less than High School,0,Stable Housing,False,0,0,16,0.0,0,1,2.5,Daily,1.4,8,0,Active
DC-100431,Demo431,Participant431,Female,White,Non-Hispanic,Single,18,Unemployed,773.67,High School/GED,0,Unstable Housing,False,3,0,21,3.0,1,14,3.5,Weekly,6.3,5,1,Terminated
DC-100432,Demo432,Participant432,Male,Black/African American,Non-Hispanic,Single,18,Employed Part-Time,1345.2,Less than High School,4,Unstable Housing,False,2,0,18,2.0,0,5,1.5,Rarely,1.4,2,0,Active
DC-100433,Demo433,Participant433,Male,Black/African American,Non-Hispanic,Widowed,42,Employed Full-Time,4051.14,High School/GED,2,Stable Housing,True,5,1,21,0.24,3,3,5.2,Never,5.9,1,0,Active
DC-100434,Demo434,Participant434,Male,Native American,Non-Hispanic,Single,33,Employed Full-Time,2627.57,Less than High School,2,Stable Housing,True,3,0,10,0.13,1,5,3.9,Monthly,2.1,4,0,Pending
DC-100435,Demo435,Participant435,Female,White,Hispanic,Widowed,45,Unemployed,656.24,High School/GED,0,With Family,False,7,2,15,0.23,5,2,7.4,Daily,0.7,5,1,Active
DC-100436,Demo436,Participant436,Male,White,Hispanic,Widowed,20,Unemployed,615.74,Some College,3,Transitional Housing,False,8,1,21,5.0,5,1,7.8,Daily,2.8,3,1,Terminated
DC-100437,Demo437,Participant437,Female,White,Non-Hispanic,Divorced,39,Unemployed,833.95,Some College,2,Transitional Housing,False,1,0,17,0.05,0,4,3.3,Monthly,1.0,1,0,Pending
DC-100438,Demo438,Participant438,Female,Other,Non-Hispanic,Married,52,Student,487.47,Less than High School,0,Stable Housing,False,1,0,22,0.03,0,0,5.2,Daily,0.5,0,0,Terminated
DC-100439,Demo439,Participant439,Male,Native American,Non-Hispanic,Married,38,Employed Part-Time,1211.92,Less than High School,3,Transitional Housing,True,4,0,11,0.15,2,0,4.6,Weekly,0.3,2,1,Graduated
DC-100440,Demo440,Participant440,Male,White,Non-Hispanic,Divorced,36,Employed Part-Time,943.94,Less than High School,0,Unstable Housing,False,10,2,21,0.67,3,4,9.3,Weekly,0.8,3,1,Graduated
DC-100441,Demo441,Participant441,Non-binary/Other,Hispanic/Latino,Non-Hispanic,Single,34,Employed Full-Time,3692.1,High School/GED,0,Stable Housing,True,0,0,16,0.0,0,5,1.3,Monthly,4.0,6,0,Graduated
DC-100442,Demo442,Participant442,Male,White,Hispanic,Single,18,Employed Full-Time,2679.83,Associate's,2,Stable Housing,False,0,0,16,0.0,0,10,2.2,Weekly,5.5,7,0,Active
DC-100443,Demo443,Participant443,Male,Black/African American,Hispanic,Married,47,Employed Part-Time,640.31,Less than High School,2,Stable Housing,False,2,0,22,0.08,0,2,4.5,Monthly,5.9,3,0,Active
DC-100444,Demo444,Participant444,Female,White,Non-Hispanic,Single,27,Unemployed,497.0,Less than High School,0,Stable Housing,False,3,1,23,0.75,1,2,5.3,Never,0.9,6,1,Active
DC-100445,Demo445,Participant445,Female,Black/African American,Non-Hispanic,Single,39,Disabled,942.66,Less than High School,0,With Family,True,0,0,23,0.0,0,4,1.9,Rarely,3.2,10,0,Graduated
DC-100446,Demo446,Participant446,Non-binary/Other,White,Non-Hispanic,Single,18,Student,947.17,High School/GED,5,Stable Housing,False,5,1,27,5.0,1,2,3.7,Monthly,0.8,5,0,Active
DC-100447,Demo447,Participant447,Female,Hispanic/Latino,Non-Hispanic,Married,22,Employed Part-Time,628.44,Some College,2,Unstable Housing,False,9,1,24,5.0,4,2,7.8,Daily,2.9,5,1,Active
DC-100448,Demo448,Participant448,Male,Black/African American,Non-Hispanic,Divorced,48,Disabled,379.6,High School/GED,2,Unstable Housing,False,1,0,15,0.03,0,0,4.1,Daily,6.5,8,0,Graduated
DC-100449,Demo449,Participant449,Male,Black/African American,Non-Hispanic,Single,30,Employed Part-Time,1466.9,Some College,0,Stable Housing,False,3,0,19,0.27,1,2,4.4,Daily,0.1,2,0,Graduated
DC-100450,Demo450,Participant450,Female,White,Non-Hispanic,Separated,48,Employed Full-Time,2439.38,High School/GED,0,Unstable Housing,False,2,0,17,0.06,1,2,3.3,Monthly,12.6,0,1,Graduated
DC-100451,Demo451,Participant451,Male,White,Non-Hispanic,Divorced,33,Unemployed,250.6,Less than High School,0,Stable Housing,False,4,0,27,0.67,1,2,4.3,Weekly,5.3,10,1,Active
DC-100452,Demo452,Participant452,Male,White,Non-Hispanic,Divorced,18,Unemployed,238.83,High School/GED,0,Transitional Housing,False,3,0,23,3.0,1,1,4.9,Weekly,4.3,3,1,Active
DC-100453,Demo453,Participant453,Female,White,Hispanic,Married,42,Employed Full-Time,3687.57,Some College,0,Stable Housing,False,5,0,18,0.21,1,1,3.7,Monthly,3.5,6,0,Active
DC-100454,Demo454,Participant454,Male,White,Non-Hispanic,Divorced,28,Unemployed,788.81,High School/GED,0,Unstable Housing,False,2,0,22,0.33,1,2,3.8,Never,4.4,6,1,Active
DC-100455,Demo455,Participant455,Male,Native American,Non-Hispanic,Single,40,Employed Part-Time,1527.19,High School/GED,1,Homeless,False,6,1,14,0.23,3,7,8.7,Weekly,15.0,2,1,Active
DC-100456,Demo456,Participant456,Male,Black/African American,Non-Hispanic,Divorced,34,Unemployed,803.79,Some College,0,With Family,False,14,2,20,1.0,7,10,8.5,Never,4.4,4,1,Graduated
DC-100457,Demo457,Participant457,Male,White,Non-Hispanic,Single,18,Unemployed,386.96,High School/GED,2,Transitional Housing,True,2,0,15,0.67,0,9,5.3,Daily,1.3,4,0,Active
DC-100458,Demo458,Participant458,Male,White,Non-Hispanic,Separated,35,Student,0.0,Associate's,0,Homeless,True,7,2,12,0.3,4,7,9.8,Weekly,2.9,1,1,Active
DC-100459,Demo459,Participant459,Male,White,Non-Hispanic,Widowed,55,Employed Full-Time,2797.34,High School/GED,1,Unstable Housing,True,0,0,22,0.0,0,0,3.8,Monthly,1.2,0,0,Graduated
DC-100460,Demo460,Participant460,Male,Black/African American,Non-Hispanic,Single,38,Employed Part-Time,897.8,Some College,0,Unstable Housing,False,2,0,22,0.12,0,9,4.2,Weekly,10.5,4,1,Active
DC-100461,Demo461,Participant461,Male,White,Non-Hispanic,Single,33,Unemployed,517.25,Less than High School,1,Transitional Housing,False,1,0,20,0.08,0,2,3.7,Monthly,6.9,1,1,Graduated
DC-100462,Demo462,Participant462,Female,Hispanic/Latino,Hispanic,Divorced,44,Unemployed,252.42,Some College,0,With Family,False,4,1,18,0.15,1,1,5.3,Monthly,2.5,2,0,Pending
DC-100463,Demo463,Participant463,Male,White,Non-Hispanic,Single,36,Employed Part-Time,935.67,Associate's,4,Stable Housing,False,1,0,13,0.04,0,6,1.2,Monthly,4.6,1,0,Active
DC-100464,Demo464,Participant464,Female,Other,Non-Hispanic,Divorced,36,Unemployed,445.77,High School/GED,2,Unstable Housing,False,1,0,14,0.05,0,5,4.2,Daily,7.2,5,1,Graduated
DC-100465,Demo465,Participant465,Male,Hispanic/Latino,Non-Hispanic,Single,23,Unemployed,869.3,Some College,1,Transitional Housing,False,0,0,15,0.0,0,7,3.4,Monthly,0.8,7,1,Graduated
DC-100466,Demo466,Participant466,Male,White,Non-Hispanic,Single,36,Disabled,976.86,Some College,0,Unstable Housing,False,8,0,18,0.44,5,6,5.5,Weekly,2.6,4,0,Active
DC-100467,Demo467,Participant467,Female,Native American,Non-Hispanic,Widowed,44,Unemployed,956.31,Less than High School,1,Stable Housing,False,3,0,23,0.14,1,1,5.0,Monthly,2.0,3,0,Active
DC-100468,Demo468,Participant468,Male,White,Non-Hispanic,Divorced,25,Unemployed,355.23,High School/GED,2,Unstable Housing,False,0,0,23,0.0,0,6,3.9,Monthly,4.4,10,0,Active
DC-100469,Demo469,Participant469,Female,Hispanic/Latino,Non-Hispanic,Divorced,48,Unemployed,253.89,Less than High School,0,Homeless,False,2,0,12,0.06,1,4,5.5,Monthly,1.4,0,0,Active
DC-100470,Demo470,Participant470,Male,White,Hispanic,Single,33,Unemployed,748.99,Bachelor's,1,With Family,True,4,1,16,0.24,1,10,7.5,Weekly,3.7,2,1,Active
DC-100471,Demo471,Participant471,Female,Hispanic/Latino,Hispanic,Divorced,25,Employed Part-Time,860.36,Some College,2,Unstable Housing,False,5,1,16,0.56,2,9,6.2,Weekly,1.5,2,1,Active
DC-100472,Demo472,Participant472,Male,Hispanic/Latino,Hispanic,Married,43,Employed Part-Time,1322.27,Less than High School,2,Stable Housing,False,1,0,10,0.03,0,4,4.3,Weekly,0.4,2,0,Graduated
DC-100473,Demo473,Participant473,Female,Hispanic/Latino,Non-Hispanic,Married,31,Employed Part-Time,907.5,Less than High School,2,Stable Housing,False,2,0,21,0.2,0,6,3.7,Monthly,0.3,1,0,Terminated
DC-100474,Demo474,Participant474,Male,Black/African American,Non-Hispanic,Divorced,41,Unemployed,339.93,High School/GED,3,Stable Housing,False,4,1,18,0.17,3,2,6.4,Never,0.4,2,1,Active
DC-100475,Demo475,Participant475,Non-binary/Other,White,Non-Hispanic,Married,31,Employed Part-Time,945.01,High School/GED,4,Unstable Housing,False,1,0,18,0.08,0,4,2.5,Weekly,0.1,1,1,Active
DC-100476,Demo476,Participant476,Male,White,Non-Hispanic,Single,33,Student,746.17,Less than High School,1,Unstable Housing,False,3,0,24,0.33,2,1,4.9,Rarely,2.3,3,0,Graduated
DC-100477,Demo477,Participant477,Male,White,Non-Hispanic,Single,38,Employed Part-Time,1180.47,High School/GED,1,Stable Housing,False,4,0,19,0.21,2,4,4.4,Monthly,3.3,2,1,Graduated
DC-100478,Demo478,Participant478,Female,White,Non-Hispanic,Divorced,36,Employed Full-Time,3107.64,High School/GED,2,Homeless,False,6,0,17,0.32,2,4,5.9,Monthly,0.4,4,1,Active
DC-100479,Demo479,Participant479,Male,Black/African American,Non-Hispanic,Single,18,Unemployed,699.24,Less than High School,2,Transitional Housing,True,3,0,21,3.0,1,5,5.0,Weekly,2.8,3,1,Active
DC-100480,Demo480,Participant480,Male,White,Non-Hispanic,Divorced,22,Employed Full-Time,1537.37,Some College,5,Stable Housing,False,0,0,23,0.0,0,2,2.7,Weekly,2.7,1,1,Active
DC-100481,Demo481,Participant481,Female,Other,Non-Hispanic,Single,43,Employed Full-Time,3032.03,Associate's,0,Stable Housing,False,4,0,20,0.17,2,0,6.9,Rarely,0.5,6,1,Active
DC-100482,Demo482,Participant482,Male,Black/African American,Non-Hispanic,Married,32,Employed Full-Time,3055.19,Some College,0,With Family,False,1,0,21,0.09,0,0,3.8,Weekly,1.6,3,0,Graduated
DC-100483,Demo483,Participant483,Male,Hispanic/Latino,Non-Hispanic,Divorced,28,Unemployed,619.72,Some College,0,Stable Housing,False,4,1,18,0.4,2,4,7.5,Weekly,4.2,1,0,Active
DC-100484,Demo484,Participant484,Male,White,Non-Hispanic,Single,20,Unemployed,519.49,Less than High School,0,Transitional Housing,True,6,1,18,3.0,2,6,7.8,Monthly,0.1,1,1,Active
DC-100485,Demo485,Participant485,Female,Hispanic/Latino,Hispanic,Single,23,Unemployed,624.39,Less than High School,0,Unstable Housing,False,7,0,19,1.75,2,5,6.6,Monthly,0.5,6,1,Active
DC-100486,Demo486,Participant486,Male,Native American,Non-Hispanic,Single,18,Unemployed,745.38,Less than High School,2,Transitional Housing,False,2,0,15,0.67,1,9,4.2,Weekly,15.0,5,1,Terminated
DC-100487,Demo487,Participant487,Male,White,Non-Hispanic,Married,32,Unemployed,680.24,Some College,0,Transitional Housing,False,3,0,16,0.19,2,14,3.3,Weekly,4.0,3,0,Active
DC-100488,Demo488,Participant488,Female,Black/African American,Non-Hispanic,Divorced,28,Employed Part-Time,879.09,Associate's,2,Homeless,False,0,0,24,0.0,0,5,3.6,Never,1.9,2,0,Active
DC-100489,Demo489,Participant489,Female,Black/African American,Non-Hispanic,Single,24,Employed Part-Time,998.15,Some College,2,Transitional Housing,False,4,1,27,4.0,1,15,5.8,Weekly,3.0,3,0,Graduated
DC-100490,Demo490,Participant490,Male,White,Non-Hispanic,Divorced,33,Unemployed,679.55,Associate's,0,With Family,False,0,0,25,0.0,0,6,3.5,Weekly,5.6,4,1,Graduated
DC-100491,Demo491,Participant491,Male,White,Non-Hispanic,Single,37,Employed Full-Time,2896.36,High School/GED,0,Unstable Housing,True,6,2,13,0.25,1,9,6.8,Daily,5.5,7,1,Active
DC-100492,Demo492,Participant492,Male,White,Non-Hispanic,Single,54,Employed Full-Time,2414.59,High School/GED,1,Stable Housing,False,1,0,13,0.02,0,4,1.4,Rarely,1.2,4,0,Active
DC-100493,Demo493,Participant493,Male,White,Non-Hispanic,Separated,18,Unemployed,190.14,High School/GED,2,Unstable Housing,False,0,0,14,0.0,0,2,4.3,Monthly,2.0,2,1,Pending
DC-100494,Demo494,Participant494,Male,White,Non-Hispanic,Single,45,Unemployed,275.58,Less than High School,3,Transitional Housing,False,2,0,19,0.08,1,8,5.7,Weekly,3.0,0,0,Active
DC-100495,Demo495,Participant495,Male,White,Non-Hispanic,Single,43,Employed Full-Time,3850.59,Less than High School,3,Homeless,False,2,0,10,0.06,1,1,3.5,Weekly,0.2,1,0,Active
DC-100496,Demo496,Participant496,Male,White,Non-Hispanic,Single,26,Employed Part-Time,557.5,Some College,4,Stable Housing,False,3,0,16,0.3,1,5,4.6,Monthly,8.7,5,0,Active
DC-100497,Demo497,Participant497,Male,White,Non-Hispanic,Single,36,Disabled,226.48,High School/GED,1,Stable Housing,True,5,1,24,0.42,2,7,6.8,Weekly,1.7,1,0,Active
DC-100498,Demo498,Participant498,Female,Native American,Non-Hispanic,Single,29,Unemployed,485.15,High School/GED,3,Homeless,False,3,0,22,0.43,2,1,8.2,Weekly,1.4,3,0,Active
DC-100499,Demo499,Participant499,Non-binary/Other,White,Non-Hispanic,Single,35,Unemployed,418.17,High School/GED,2,Stable Housing,False,9,3,16,0.47,5,1,8.4,Weekly,7.1,5,1,Graduated
DC-100500,Demo500,Participant500,Female,Native American,Non-Hispanic,Married,49,Unemployed,454.0,Less than High School,3,Unstable Housing,False,6,0,17,0.19,2,8,7.0,Rarely,0.4,2,1,Active
DC-100501,Demo501,Participant501,Male,White,Non-Hispanic,Single,40,Unemployed,883.08,High School/GED,0,Transitional Housing,False,3,0,21,0.16,1,3,6.4,Weekly,0.1,5,1,Terminated
DC-100502,Demo502,Participant502,Male,White,Non-Hispanic,Married,39,Student,811.95,High School/GED,4,Unstable Housing,True,2,0,22,0.12,0,11,4.2,Weekly,3.5,4,0,Active
DC-100503,Demo503,Participant503,Female,White,Non-Hispanic,Single,29,Student,594.26,High School/GED,1,Stable Housing,False,4,1,16,0.31,1,2,6.4,Never,1.5,3,0,Graduated
DC-100504,Demo504,Participant504,Female,White,Non-Hispanic,Single,19,Employed Full-Time,1858.27,Some College,2,Stable Housing,False,2,0,18,2.0,1,2,3.8,Monthly,4.3,7,0,Terminated
DC-100505,Demo505,Participant505,Male,White,Non-Hispanic,Divorced,31,Unemployed,195.11,High School/GED,0,Stable Housing,True,5,1,16,0.33,2,2,6.7,Never,0.2,5,0,Graduated
DC-100506,Demo506,Participant506,Female,Black/African American,Hispanic,Separated,46,Employed Full-Time,3153.74,High School/GED,1,Stable Housing,False,4,1,13,0.12,2,0,4.5,Weekly,1.5,2,0,Graduated
DC-100507,Demo507,Participant507,Female,White,Non-Hispanic,Single,18,Employed Full-Time,3169.49,Associate's,0,Unstable Housing,False,1,0,18,1.0,0,3,3.2,Monthly,0.8,6,1,Graduated
DC-100508,Demo508,Participant508,Female,Black/African American,Non-Hispanic,Separated,23,Unemployed,388.0,Some College,0,Unstable Housing,False,3,0,17,0.5,1,2,5.4,Daily,4.0,5,1,Active
DC-100509,Demo509,Participant509,Female,Black/African American,Non-Hispanic,Married,35,Unemployed,815.88,Associate's,0,Stable Housing,False,0,0,13,0.0,0,1,3.1,Daily,0.8,6,1,Active
DC-100510,Demo510,Participant510,Male,White,Non-Hispanic,Married,24,Disabled,578.93,Less than High School,2,Stable Housing,False,5,1,21,1.67,1,4,5.3,Daily,1.8,5,1,Active
DC-100511,Demo511,Participant511,Male,White,Non-Hispanic,Married,26,Employed Full-Time,3431.21,Less than High School,0,Stable Housing,True,1,0,20,0.17,0,2,4.2,Weekly,5.1,2,0,Terminated
DC-100512,Demo512,Participant512,Female,Black/African American,Non-Hispanic,Single,29,Unemployed,730.56,Less than High School,0,With Family,False,0,0,21,0.0,0,10,5.9,Daily,7.4,2,1,Active
DC-100513,Demo513,Participant513,Female,White,Hispanic,Single,20,Disabled,377.55,Less than High School,0,Unstable Housing,False,6,1,15,1.2,2,3,3.9,Monthly,3.8,5,1,Active
DC-100514,Demo514,Participant514,Male,White,Non-Hispanic,Married,24,Disabled,496.87,Associate's,1,Transitional Housing,False,3,0,11,0.23,1,0,6.2,Weekly,1.7,1,1,Active
DC-100515,Demo515,Participant515,Male,Other,Non-Hispanic,Single,41,Employed Full-Time,2477.11,High School/GED,0,Transitional Housing,False,0,0,20,0.0,0,6,2.7,Monthly,2.5,6,0,Graduated
DC-100516,Demo516,Participant516,Male,White,Non-Hispanic,Separated,20,Employed Part-Time,801.11,Less than High School,0,Unstable Housing,True,0,0,16,0.0,0,8,4.0,Rarely,3.5,2,0,Pending
DC-100517,Demo517,Participant517,Female,Black/African American,Non-Hispanic,Single,18,Unemployed,800.73,Less than High School,1,Homeless,False,2,0,15,0.67,1,9,7.3,Never,6.2,4,0,Terminated
DC-100518,Demo518,Participant518,Non-binary/Other,Other,Non-Hispanic,Single,27,Employed Full-Time,2609.01,Less than High School,2,Stable Housing,False,0,0,13,0.0,0,3,4.6,Weekly,6.6,3,0,Active
DC-100519,Demo519,Participant519,Male,White,Non-Hispanic,Divorced,41,Student,373.71,High School/GED,0,Homeless,False,0,0,17,0.0,0,6,3.8,Rarely,8.0,3,0,Active
DC-100520,Demo520,Participant520,Male,White,Non-Hispanic,Single,32,Disabled,100.46,Some College,0,Stable Housing,False,4,0,25,0.57,1,3,4.4,Weekly,5.0,5,0,Active
DC-100521,Demo521,Participant521,Male,White,Non-Hispanic,Married,29,Employed Full-Time,2366.61,Some College,0,Transitional Housing,False,1,0,16,0.08,0,5,3.3,Daily,0.5,4,0,Active
DC-100522,Demo522,Participant522,Female,White,Non-Hispanic,Divorced,34,Employed Full-Time,1745.43,Associate's,4,Stable Housing,False,3,0,14,0.15,2,7,3.8,Rarely,4.1,1,0,Active
DC-100523,Demo523,Participant523,Female,White,Non-Hispanic,Separated,18,Employed Full-Time,2097.0,Less than High School,1,Transitional Housing,False,0,0,21,0.0,0,2,4.3,Weekly,5.1,0,1,Active
DC-100524,Demo524,Participant524,Female,Black/African American,Non-Hispanic,Divorced,38,Disabled,662.36,High School/GED,1,Stable Housing,True,2,0,19,0.11,1,2,3.7,Weekly,6.3,7,0,Pending
DC-100525,Demo525,Participant525,Male,White,Hispanic,Divorced,37,Employed Full-Time,3497.18,Less than High School,0,With Family,False,1,0,10,0.04,0,4,1.8,Monthly,7.8,7,0,Active
DC-100526,Demo526,Participant526,Male,White,Non-Hispanic,Divorced,29,Unemployed,119.03,High School/GED,1,Stable Housing,True,3,1,21,0.38,1,4,4.9,Daily,2.1,1,1,Active
DC-100527,Demo527,Participant527,Male,Other,Hispanic,Separated,44,Unemployed,55.53,Associate's,0,Homeless,False,6,0,27,0.35,2,2,6.1,Daily,3.2,2,1,Pending
DC-100528,Demo528,Participant528,Male,Hispanic/Latino,Non-Hispanic,Single,22,Unemployed,688.78,High School/GED,0,Unstable Housing,True,4,1,10,0.33,2,5,5.7,Rarely,0.0,2,1,Active
DC-100529,Demo529,Participant529,Female,Black/African American,Non-Hispanic,Single,45,Employed Full-Time,1911.37,Some College,1,Stable Housing,False,6,1,14,0.19,4,1,6.6,Never,2.6,8,0,Active
DC-100530,Demo530,Participant530,Female,White,Non-Hispanic,Single,35,Employed Part-Time,930.84,High School/GED,1,Homeless,True,11,2,10,0.44,7,0,9.2,Daily,1.9,1,1,Active
DC-100531,Demo531,Participant531,Non-binary/Other,Black/African American,Non-Hispanic,Single,30,Disabled,102.86,Less than High School,0,With Family,True,1,0,18,0.08,0,5,3.0,Daily,9.8,1,0,Active
DC-100532,Demo532,Participant532,Non-binary/Other,White,Non-Hispanic,Divorced,33,Disabled,741.42,Less than High School,2,Stable Housing,False,2,0,22,0.18,1,10,3.5,Weekly,7.0,1,1,Graduated
DC-100533,Demo533,Participant533,Male,White,Non-Hispanic,Married,32,Unemployed,981.57,High School/GED,5,With Family,False,6,1,19,0.46,3,6,6.8,Never,4.8,5,0,Active
DC-100534,Demo534,Participant534,Female,White,Non-Hispanic,Married,46,Employed Full-Time,2205.2,Some College,1,Homeless,False,8,2,24,0.36,2,4,9.2,Weekly,0.2,7,1,Graduated
DC-100535,Demo535,Participant535,Female,Hispanic/Latino,Non-Hispanic,Single,23,Employed Part-Time,1006.39,Less than High School,1,Transitional Housing,False,2,0,22,2.0,1,3,4.6,Monthly,1.5,2,1,Terminated
DC-100536,Demo536,Participant536,Female,White,Non-Hispanic,Divorced,26,Unemployed,613.37,Some College,4,Unstable Housing,True,7,1,25,5.0,2,2,9.4,Daily,3.6,1,1,Active
DC-100537,Demo537,Participant537,Male,White,Non-Hispanic,Single,44,Employed Part-Time,1183.5,Some College,3,Unstable Housing,False,6,1,23,0.29,2,9,6.0,Daily,0.1,4,0,Active
DC-100538,Demo538,Participant538,Male,White,Hispanic,Divorced,28,Disabled,917.39,High School/GED,1,Transitional Housing,False,0,0,17,0.0,0,6,3.7,Weekly,0.8,1,0,Active
DC-100539,Demo539,Participant539,Male,White,Non-Hispanic,Married,43,Unemployed,624.55,Some College,2,Unstable Housing,False,5,1,19,0.21,2,4,4.7,Monthly,6.6,0,1,Active
DC-100540,Demo540,Participant540,Female,Hispanic/Latino,Non-Hispanic,Single,50,Employed Full-Time,2890.56,High School/GED,0,Unstable Housing,False,0,0,15,0.0,0,2,2.6,Weekly,0.4,7,0,Active
DC-100541,Demo541,Participant541,Male,Black/African American,Non-Hispanic,Single,29,Disabled,509.8,Some College,1,Stable Housing,False,6,1,18,0.55,2,1,5.6,Monthly,0.2,7,1,Active
DC-100542,Demo542,Participant542,Male,Black/African American,Non-Hispanic,Single,40,Disabled,738.99,Some College,0,Stable Housing,False,1,0,19,0.05,0,6,2.4,Never,2.6,9,0,Active
DC-100543,Demo543,Participant543,Male,White,Non-Hispanic,Divorced,22,Employed Full-Time,3231.18,Graduate,0,Homeless,True,3,0,18,0.75,0,4,5.2,Weekly,8.8,3,1,Pending
DC-100544,Demo544,Participant544,Male,White,Non-Hispanic,Separated,41,Unemployed,517.23,High School/GED,1,Homeless,False,6,2,24,0.35,3,6,8.6,Weekly,5.4,2,1,Active
DC-100545,Demo545,Participant545,Male,White,Non-Hispanic,Married,35,Employed Part-Time,0.0,High School/GED,0,Unstable Housing,False,1,0,17,0.06,0,3,2.9,Daily,11.0,6,0,Active
DC-100546,Demo546,Participant546,Male,White,Non-Hispanic,Single,38,Employed Part-Time,919.48,Less than High School,2,Stable Housing,False,2,0,15,0.09,1,10,6.4,Daily,4.2,1,1,Terminated
DC-100547,Demo547,Participant547,Male,White,Non-Hispanic,Single,27,Employed Full-Time,3006.3,Less than High School,1,Unstable Housing,False,3,0,15,0.25,2,7,4.7,Monthly,1.7,1,0,Active
DC-100548,Demo548,Participant548,Male,Black/African American,Non-Hispanic,Divorced,18,Unemployed,0.0,Some College,1,Stable Housing,False,0,0,21,0.0,0,4,5.8,Weekly,8.8,1,0,Active
DC-100549,Demo549,Participant549,Female,White,Hispanic,Divorced,39,Disabled,488.62,Associate's,0,Unstable Housing,True,4,0,13,0.15,2,14,6.1,Weekly,1.7,9,1,Pending
DC-100550,Demo550,Participant550,Male,White,Non-Hispanic,Single,18,Unemployed,894.34,High School/GED,0,With Family,False,4,0,18,4.0,1,2,4.8,Monthly,1.3,5,0,Active
DC-100551,Demo551,Participant551,Female,White,Non-Hispanic,Single,30,Employed Full-Time,2567.19,Less than High School,1,Transitional Housing,False,3,0,24,0.5,0,3,4.2,Weekly,1.8,1,0,Active
DC-100552,Demo552,Participant552,Male,White,Non-Hispanic,Divorced,43,Unemployed,1121.4,High School/GED,5,Stable Housing,True,6,2,20,0.26,3,5,6.8,Weekly,5.0,0,0,Active
DC-100553,Demo553,Participant553,Male,White,Non-Hispanic,Single,35,Employed Part-Time,1560.91,High School/GED,0,With Family,True,4,1,18,0.24,2,2,4.9,Daily,7.5,7,0,Active
DC-100554,Demo554,Participant554,Female,Other,Hispanic,Single,53,Unemployed,701.63,High School/GED,0,Unstable Housing,True,3,0,18,0.09,2,5,4.0,Weekly,1.3,6,0,Active
DC-100555,Demo555,Participant555,Male,Hispanic/Latino,Non-Hispanic,Single,44,Unemployed,561.48,Less than High School,3,Transitional Housing,False,2,0,14,0.07,1,3,4.2,Monthly,1.9,5,0,Active
DC-100556,Demo556,Participant556,Male,Native American,Non-Hispanic,Married,27,Employed Full-Time,3081.59,Some College,0,Stable Housing,False,4,1,15,0.33,1,2,5.5,Rarely,6.9,1,0,Active
DC-100557,Demo557,Participant557,Male,White,Non-Hispanic,Divorced,34,Employed Full-Time,3724.7,Less than High School,3,Homeless,True,1,0,18,0.06,0,4,5.2,Monthly,0.1,3,1,Active
DC-100558,Demo558,Participant558,Female,White,Non-Hispanic,Separated,33,Unemployed,509.32,High School/GED,1,Stable Housing,True,0,0,20,0.0,0,6,4.1,Monthly,4.6,4,0,Terminated
DC-100559,Demo559,Participant559,Male,White,Non-Hispanic,Married,18,Employed Part-Time,961.2,Some College,1,Unstable Housing,False,8,1,22,5.0,5,5,6.6,Weekly,1.8,8,1,Active
DC-100560,Demo560,Participant560,Female,White,Non-Hispanic,Married,24,Unemployed,319.25,Less than High School,0,Stable Housing,False,0,0,19,0.0,0,0,4.7,Rarely,1.4,1,0,Active
DC-100561,Demo561,Participant561,Male,Hispanic/Latino,Non-Hispanic,Single,28,Employed Full-Time,3264.48,High School/GED,0,Stable Housing,False,3,0,24,0.75,1,4,3.9,Daily,1.8,3,0,Pending
DC-100562,Demo562,Participant562,Male,White,Non-Hispanic,Married,18,Employed Part-Time,1447.34,Some College,0,Stable Housing,False,2,0,25,2.0,0,7,5.2,Rarely,1.6,1,0,Active
DC-100563,Demo563,Participant563,Male,White,Hispanic,Single,34,Unemployed,1213.7,High School/GED,3,Stable Housing,False,0,0,22,0.0,0,10,2.0,Weekly,4.2,3,1,Active
DC-100564,Demo564,Participant564,Male,White,Non-Hispanic,Married,31,Disabled,759.1,High School/GED,2,Stable Housing,True,6,1,23,0.75,2,1,6.6,Never,7.9,1,1,Active
DC-100565,Demo565,Participant565,Male,White,Non-Hispanic,Single,18,Disabled,691.35,High School/GED,2,Homeless,False,1,0,15,0.33,0,5,5.4,Weekly,2.0,7,0,Pending
DC-100566,Demo566,Participant566,Male,Black/African American,Non-Hispanic,Single,38,Employed Full-Time,2753.49,Some College,2,Stable Housing,False,2,0,14,0.08,1,1,3.1,Monthly,5.4,1,0,Graduated
DC-100567,Demo567,Participant567,Male,White,Non-Hispanic,Single,41,Employed Part-Time,1540.29,Some College,0,Homeless,False,3,0,21,0.15,2,1,5.3,Monthly,3.9,3,0,Terminated
DC-100568,Demo568,Participant568,Female,White,Hispanic,Single,36,Employed Full-Time,3659.09,High School/GED,1,Stable Housing,False,0,0,13,0.0,0,2,3.5,Weekly,1.2,3,0,Graduated
DC-100569,Demo569,Participant569,Male,White,Non-Hispanic,Single,30,Unemployed,664.25,Less than High School,1,With Family,False,5,1,17,0.38,3,2,7.2,Weekly,2.7,7,1,Active
DC-100570,Demo570,Participant570,Male,White,Non-Hispanic,Single,39,Unemployed,307.01,Less than High School,2,With Family,False,3,0,22,0.18,0,2,3.3,Weekly,3.3,6,0,Active
DC-100571,Demo571,Participant571,Female,Black/African American,Non-Hispanic,Widowed,40,Disabled,648.08,Less than High School,0,Stable Housing,False,3,1,24,0.19,1,0,5.3,Weekly,0.1,0,0,Pending
DC-100572,Demo572,Participant572,Male,Hispanic/Latino,Non-Hispanic,Single,37,Disabled,472.85,High School/GED,2,Homeless,False,1,0,17,0.05,0,5,4.4,Daily,1.5,0,1,Active
DC-100573,Demo573,Participant573,Male,Native American,Non-Hispanic,Married,25,Employed Part-Time,1080.12,Less than High School,3,Stable Housing,False,5,1,16,0.56,1,6,6.6,Daily,14.7,4,0,Active
DC-100574,Demo574,Participant574,Female,Black/African American,Non-Hispanic,Divorced,36,Unemployed,820.23,High School/GED,1,With Family,False,0,0,20,0.0,0,3,2.0,Weekly,3.0,3,0,Active
DC-100575,Demo575,Participant575,Female,White,Non-Hispanic,Widowed,45,Disabled,138.69,Some College,0,Unstable Housing,True,0,0,14,0.0,0,6,5.4,Never,1.2,2,0,Active
DC-100576,Demo576,Participant576,Male,Black/African American,Non-Hispanic,Married,28,Unemployed,769.43,High School/GED,1,Stable Housing,True,2,0,18,0.2,0,3,3.7,Daily,0.9,6,0,Active
DC-100577,Demo577,Participant577,Female,White,Non-Hispanic,Divorced,54,Employed Full-Time,3797.24,Some College,0,Stable Housing,False,6,2,18,0.17,3,3,7.8,Daily,0.7,1,1,Active
DC-100578,Demo578,Participant578,Male,White,Non-Hispanic,Single,28,Employed Part-Time,1333.09,Some College,2,Stable Housing,True,0,0,18,0.0,0,3,2.9,Weekly,1.5,9,0,Active
DC-100579,Demo579,Participant579,Male,Hispanic/Latino,Hispanic,Single,34,Unemployed,353.9,Less than High School,4,Unstable Housing,False,2,0,19,0.13,1,3,3.8,Weekly,0.6,0,0,Active
DC-100580,Demo580,Participant580,Male,White,Non-Hispanic,Single,27,Employed Part-Time,1101.07,Some College,1,Homeless,False,4,1,15,0.33,1,1,6.9,Monthly,0.4,0,0,Active
DC-100581,Demo581,Participant581,Non-binary/Other,Hispanic/Latino,Non-Hispanic,Divorced,36,Employed Full-Time,2585.79,Some College,1,Unstable Housing,False,1,0,16,0.05,0,1,4.4,Daily,1.4,2,1,Active
DC-100582,Demo582,Participant582,Male,White,Non-Hispanic,Divorced,18,Employed Full-Time,2901.8,High School/GED,2,Unstable Housing,False,6,1,16,3.0,3,11,4.3,Daily,2.8,3,1,Active
DC-100583,Demo583,Participant583,Male,Black/African American,Non-Hispanic,Single,28,Unemployed,730.07,Less than High School,0,Stable Housing,False,1,0,12,0.06,0,9,4.9,Weekly,0.5,1,1,Active
DC-100584,Demo584,Participant584,Male,Black/African American,Non-Hispanic,Single,23,Employed Part-Time,914.37,High School/GED,0,Stable Housing,True,4,0,20,1.33,2,7,4.6,Weekly,0.1,5,0,Pending
DC-100585,Demo585,Participant585,Male,Hispanic/Latino,Hispanic,Married,35,Employed Full-Time,2901.03,Associate's,3,Stable Housing,False,2,0,22,0.15,1,5,4.4,Rarely,0.1,2,0,Active
DC-100586,Demo586,Participant586,Male,Black/African American,Non-Hispanic,Single,43,Employed Part-Time,1080.19,High School/GED,2,Transitional Housing,False,6,0,22,0.29,3,3,5.4,Monthly,0.9,0,0,Active
DC-100587,Demo587,Participant587,Male,Black/African American,Non-Hispanic,Married,40,Unemployed,847.78,Less than High School,0,Stable Housing,False,5,1,17,0.22,3,1,5.7,Weekly,0.6,7,1,Active
DC-100588,Demo588,Participant588,Male,White,Non-Hispanic,Divorced,18,Unemployed,1104.99,Some College,0,Unstable Housing,True,2,0,15,0.67,1,0,3.5,Never,2.3,8,1,Active
DC-100589,Demo589,Participant589,Male,White,Non-Hispanic,Divorced,54,Unemployed,717.83,High School/GED,2,Stable Housing,True,4,0,21,0.12,2,3,6.1,Weekly,1.8,4,1,Active
DC-100590,Demo590,Participant590,Male,White,Non-Hispanic,Divorced,36,Unemployed,273.68,High School/GED,2,Stable Housing,False,4,1,21,0.27,2,15,6.6,Daily,1.2,6,1,Terminated
DC-100591,Demo591,Participant591,Male,Black/African American,Non-Hispanic,Divorced,26,Student,562.83,Some College,3,Homeless,True,3,0,19,0.43,1,5,6.4,Monthly,5.4,1,1,Active
DC-100592,Demo592,Participant592,Male,White,Non-Hispanic,Married,35,Employed Full-Time,3583.78,High School/GED,0,Unstable Housing,False,0,0,25,0.0,0,2,3.4,Never,2.1,2,0,Graduated
DC-100593,Demo593,Participant593,Male,Black/African American,Non-Hispanic,Divorced,35,Employed Full-Time,2998.14,Some College,4,Unstable Housing,False,0,0,18,0.0,0,5,3.9,Daily,0.3,2,0,Terminated
DC-100594,Demo594,Participant594,Female,White,Non-Hispanic,Married,27,Employed Part-Time,685.76,Some College,1,Unstable Housing,True,4,1,17,0.4,1,10,6.5,Rarely,1.1,9,1,Active
DC-100595,Demo595,Participant595,Male,White,Non-Hispanic,Single,35,Employed Full-Time,2771.06,High School/GED,2,Unstable Housing,False,5,1,17,0.28,3,6,3.6,Monthly,10.9,3,0,Active
DC-100596,Demo596,Participant596,Male,Black/African American,Non-Hispanic,Single,27,Employed Part-Time,1349.06,Less than High School,1,Stable Housing,True,1,0,12,0.07,0,16,1.1,Weekly,11.3,0,0,Active
DC-100597,Demo597,Participant597,Male,White,Non-Hispanic,Single,29,Disabled,638.05,Some College,0,Unstable Housing,False,5,1,21,0.62,3,5,7.2,Daily,0.9,2,1,Active
DC-100598,Demo598,Participant598,Male,White,Non-Hispanic,Single,27,Unemployed,490.1,Associate's,4,Homeless,False,2,0,18,0.22,1,3,4.8,Daily,0.5,0,1,Graduated
DC-100599,Demo599,Participant599,Male,White,Non-Hispanic,Married,19,Unemployed,653.03,Less than High School,0,Stable Housing,False,2,0,21,2.0,0,1,3.5,Weekly,2.1,1,0,Graduated
DC-100600,Demo600,Participant600,Male,Native American,Non-Hispanic,Divorced,35,Disabled,606.71,High School/GED,0,Unstable Housing,False,6,1,26,0.67,2,4,5.6,Weekly,2.0,3,1,Active
DC-100601,Demo601,Participant601,Male,Black/African American,Non-Hispanic,Single,39,Employed Full-Time,3678.74,Less than High School,2,Stable Housing,False,12,1,17,0.55,6,2,6.6,Daily,1.6,2,1,Active
DC-100602,Demo602,Participant602,Male,White,Non-Hispanic,Single,39,Employed Full-Time,2320.03,Some College,1,Stable Housing,False,4,0,10,0.14,2,6,4.2,Weekly,2.3,0,0,Active
DC-100603,Demo603,Participant603,Male,White,Non-Hispanic,Separated,42,Unemployed,585.37,Some College,3,Unstable Housing,False,0,0,20,0.0,0,5,2.9,Weekly,0.8,0,0,Active
DC-100604,Demo604,Participant604,Male,White,Non-Hispanic,Single,37,Unemployed,303.44,Less than High School,1,Transitional Housing,False,3,0,19,0.17,1,7,4.8,Weekly,0.4,4,1,Active
DC-100605,Demo605,Participant605,Male,Black/African American,Non-Hispanic,Single,28,Employed Full-Time,3287.15,Some College,0,With Family,False,2,0,16,0.17,1,5,4.1,Monthly,2.5,5,0,Graduated
DC-100606,Demo606,Participant606,Male,Black/African American,Hispanic,Married,42,Unemployed,742.93,Less than High School,3,Stable Housing,False,1,0,20,0.05,0,3,3.9,Weekly,8.1,3,0,Active
DC-100607,Demo607,Participant607,Male,White,Non-Hispanic,Married,20,Unemployed,554.02,Some College,0,Unstable Housing,True,5,0,22,5.0,3,1,5.4,Monthly,0.4,5,1,Graduated
DC-100608,Demo608,Participant608,Male,White,Non-Hispanic,Single,24,Unemployed,1024.56,High School/GED,3,Unstable Housing,False,3,0,15,0.33,2,0,5.3,Monthly,3.7,1,1,Active
DC-100609,Demo609,Participant609,Female,White,Non-Hispanic,Single,24,Unemployed,1152.54,High School/GED,0,Stable Housing,False,5,1,17,0.71,2,3,7.3,Daily,1.7,1,1,Graduated
DC-100610,Demo610,Participant610,Male,Black/African American,Non-Hispanic,Single,44,Employed Part-Time,947.5,Less than High School,3,Transitional Housing,False,8,1,24,0.4,6,4,8.3,Monthly,1.0,7,0,Terminated
DC-100611,Demo611,Participant611,Female,Black/African American,Non-Hispanic,Married,43,Employed Full-Time,2675.76,Less than High School,0,Transitional Housing,False,2,0,16,0.07,1,7,3.6,Monthly,5.8,2,0,Terminated
DC-100612,Demo612,Participant612,Male,White,Non-Hispanic,Married,38,Unemployed,303.6,Some College,1,With Family,True,3,0,19,0.16,1,7,6.8,Monthly,1.8,3,0,Active
DC-100613,Demo613,Participant613,Male,White,Non-Hispanic,Single,44,Employed Full-Time,2541.48,High School/GED,3,Stable Housing,True,4,1,10,0.12,2,2,6.0,Weekly,2.6,8,1,Active
DC-100614,Demo614,Participant614,Female,White,Non-Hispanic,Married,25,Disabled,540.28,Less than High School,1,Stable Housing,True,10,2,13,0.83,4,5,6.8,Daily,1.8,3,1,Active
DC-100615,Demo615,Participant615,Female,Native American,Non-Hispanic,Divorced,37,Unemployed,655.45,Less than High School,2,Transitional Housing,False,6,2,19,0.33,3,3,5.9,Daily,0.3,0,1,Active
DC-100616,Demo616,Participant616,Male,White,Non-Hispanic,Single,32,Employed Part-Time,1491.93,Less than High School,2,Homeless,False,0,0,23,0.0,0,18,3.9,Daily,2.7,8,1,Pending
DC-100617,Demo617,Participant617,Male,Black/African American,Non-Hispanic,Married,42,Unemployed,767.95,Some College,2,With Family,False,1,0,13,0.03,0,5,5.6,Daily,1.6,0,0,Active
DC-100618,Demo618,Participant618,Female,Black/African American,Non-Hispanic,Divorced,32,Unemployed,671.29,Some College,3,Stable Housing,True,13,2,19,1.0,5,9,9.5,Daily,0.3,5,1,Active
DC-100619,Demo619,Participant619,Female,White,Non-Hispanic,Single,30,Employed Part-Time,1326.78,Less than High School,1,Unstable Housing,False,1,0,17,0.08,0,7,1.5,Monthly,2.7,2,0,Graduated
DC-100620,Demo620,Participant620,Male,White,Non-Hispanic,Single,39,Unemployed,318.46,High School/GED,0,Unstable Housing,False,1,0,22,0.06,0,3,4.0,Weekly,0.0,3,0,Active
DC-100621,Demo621,Participant621,Male,White,Non-Hispanic,Married,42,Unemployed,436.08,Less than High School,0,Stable Housing,False,2,0,14,0.07,0,3,2.6,Monthly,0.7,4,0,Active
DC-100622,Demo622,Participant622,Male,Black/African American,Non-Hispanic,Separated,27,Unemployed,515.33,Associate's,0,Unstable Housing,False,3,0,20,0.43,1,5,3.9,Monthly,4.6,3,1,Active
DC-100623,Demo623,Participant623,Male,Black/African American,Non-Hispanic,Divorced,33,Employed Full-Time,1817.99,Associate's,0,Homeless,False,3,0,16,0.18,1,1,5.1,Weekly,0.1,6,0,Active
DC-100624,Demo624,Participant624,Male,Black/African American,Non-Hispanic,Married,23,Unemployed,251.12,Some College,1,Stable Housing,False,1,0,19,0.25,0,4,4.3,Weekly,3.1,8,1,Graduated
DC-100625,Demo625,Participant625,Male,White,Non-Hispanic,Divorced,18,Unemployed,492.78,Associate's,0,Stable Housing,True,1,0,19,1.0,0,3,5.2,Weekly,9.0,0,1,Terminated
DC-100626,Demo626,Participant626,Male,White,Hispanic,Single,36,Employed Full-Time,3279.7,Some College,0,Homeless,True,1,0,17,0.05,0,8,5.6,Monthly,0.6,6,1,Active
DC-100627,Demo627,Participant627,Female,Native American,Non-Hispanic,Married,40,Employed Part-Time,680.76,Some College,0,Unstable Housing,True,3,1,20,0.15,1,9,3.5,Monthly,1.6,1,0,Active
DC-100628,Demo628,Participant628,Male,Black/African American,Non-Hispanic,Single,36,Disabled,738.12,High School/GED,3,Transitional Housing,False,1,0,19,0.06,0,1,3.0,Monthly,2.6,0,0,Active
DC-100629,Demo629,Participant629,Male,White,Non-Hispanic,Single,18,Employed Full-Time,3742.27,High School/GED,1,Stable Housing,False,3,0,18,3.0,1,8,4.3,Daily,1.8,9,0,Active
DC-100630,Demo630,Participant630,Female,Other,Non-Hispanic,Divorced,30,Unemployed,677.03,Less than High School,0,Stable Housing,True,2,0,17,0.15,0,6,4.3,Weekly,2.9,3,0,Active
DC-100631,Demo631,Participant631,Female,Black/African American,Non-Hispanic,Married,18,Unemployed,531.46,High School/GED,3,With Family,False,2,0,19,2.0,0,3,4.3,Daily,1.6,1,1,Graduated
DC-100632,Demo632,Participant632,Male,Black/African American,Non-Hispanic,Single,47,Unemployed,800.12,High School/GED,0,With Family,False,2,0,19,0.07,1,9,2.9,Daily,0.5,4,1,Active
DC-100633,Demo633,Participant633,Male,Black/African American,Non-Hispanic,Separated,23,Employed Full-Time,3295.06,Less than High School,5,Stable Housing,False,4,1,15,0.5,2,0,3.9,Weekly,0.3,2,0,Active
DC-100634,Demo634,Participant634,Male,Hispanic/Latino,Non-Hispanic,Single,46,Unemployed,491.01,Less than High School,1,Transitional Housing,False,4,0,17,0.14,2,1,5.0,Monthly,4.1,3,1,Active
DC-100635,Demo635,Participant635,Male,Black/African American,Non-Hispanic,Single,43,Employed Part-Time,510.38,High School/GED,0,Stable Housing,False,5,0,14,0.17,3,4,1.9,Weekly,0.8,4,1,Active
DC-100636,Demo636,Participant636,Male,White,Non-Hispanic,Single,24,Unemployed,760.11,Less than High School,2,Stable Housing,False,0,0,18,0.0,0,6,4.4,Weekly,5.6,7,0,Active
DC-100637,Demo637,Participant637,Male,White,Hispanic,Divorced,22,Unemployed,1047.89,High School/GED,2,Stable Housing,False,4,1,16,0.67,2,2,4.5,Weekly,4.1,0,1,Active
DC-100638,Demo638,Participant638,Male,Native American,Non-Hispanic,Divorced,37,Unemployed,482.69,Associate's,1,Stable Housing,False,6,1,22,0.4,2,5,7.4,Monthly,0.2,1,1,Active
DC-100639,Demo639,Participant639,Male,White,Non-Hispanic,Single,25,Disabled,1043.84,Some College,3,Transitional Housing,False,1,0,21,0.25,0,2,4.0,Weekly,0.7,0,0,Active
DC-100640,Demo640,Participant640,Male,White,Non-Hispanic,Divorced,35,Unemployed,402.29,Some College,0,Homeless,True,4,1,15,0.2,1,5,6.9,Monthly,1.0,0,1,Active
DC-100641,Demo641,Participant641,Male,White,Hispanic,Single,29,Employed Part-Time,1377.66,High School/GED,0,With Family,False,5,0,18,0.45,2,4,6.0,Daily,2.7,8,1,Terminated
DC-100642,Demo642,Participant642,Male,White,Non-Hispanic,Divorced,18,Disabled,845.24,High School/GED,0,Homeless,False,0,0,21,0.0,0,0,5.2,Weekly,5.0,8,1,Active
DC-100643,Demo643,Participant643,Male,Black/African American,Non-Hispanic,Single,18,Unemployed,325.96,Less than High School,0,Unstable Housing,False,2,0,18,2.0,1,2,4.3,Monthly,0.2,6,1,Active
DC-100644,Demo644,Participant644,Male,Native American,Non-Hispanic,Single,36,Employed Part-Time,1616.02,Associate's,0,Homeless,False,5,0,16,0.25,3,4,6.1,Monthly,0.9,5,0,Active
DC-100645,Demo645,Participant645,Female,White,Non-Hispanic,Separated,28,Employed Full-Time,2094.49,Less than High School,3,With Family,False,0,0,14,0.0,0,1,4.1,Weekly,1.4,7,0,Active
DC-100646,Demo646,Participant646,Male,White,Non-Hispanic,Single,28,Unemployed,787.68,Less than High School,0,Homeless,False,0,0,22,0.0,0,7,5.5,Weekly,0.6,0,1,Active
DC-100647,Demo647,Participant647,Male,White,Non-Hispanic,Single,40,Employed Part-Time,823.99,Some College,1,Transitional Housing,True,4,1,22,0.22,2,18,6.1,Weekly,2.4,0,1,Terminated
DC-100648,Demo648,Participant648,Female,Hispanic/Latino,Non-Hispanic,Married,45,Unemployed,507.83,Less than High School,1,With Family,False,1,0,18,0.04,0,2,1.8,Weekly,2.0,2,0,Terminated
DC-100649,Demo649,Participant649,Male,Black/African American,Non-Hispanic,Separated,31,Unemployed,1010.73,High School/GED,3,Stable Housing,True,1,0,22,0.11,0,2,4.3,Weekly,1.1,7,0,Active
DC-100650,Demo650,Participant650,Male,White,Non-Hispanic,Single,30,Employed Full-Time,2611.03,Less than High School,5,Homeless,True,1,0,10,0.05,0,2,3.3,Monthly,2.2,3,0,Active
DC-100651,Demo651,Participant651,Male,Hispanic/Latino,Non-Hispanic,Single,39,Unemployed,847.93,Less than High School,2,Transitional Housing,False,1,0,24,0.07,0,3,4.2,Daily,1.3,3,0,Active
DC-100652,Demo652,Participant652,Male,Hispanic/Latino,Non-Hispanic,Single,20,Employed Full-Time,3915.92,Less than High School,4,With Family,True,1,0,18,0.5,0,1,4.1,Weekly,1.3,1,0,Active
DC-100653,Demo653,Participant653,Female,Hispanic/Latino,Non-Hispanic,Married,36,Unemployed,1100.0,Less than High School,2,Stable Housing,False,2,0,19,0.12,0,4,6.3,Never,0.9,5,1,Active
DC-100654,Demo654,Participant654,Male,Hispanic/Latino,Non-Hispanic,Single,39,Unemployed,396.5,High School/GED,4,Unstable Housing,False,1,0,17,0.05,0,2,3.3,Monthly,2.3,7,1,Terminated
DC-100655,Demo655,Participant655,Male,White,Hispanic,Married,40,Unemployed,415.76,Some College,2,Homeless,False,4,0,24,0.25,2,11,6.4,Rarely,1.8,2,1,Active
DC-100656,Demo656,Participant656,Male,Black/African American,Non-Hispanic,Widowed,18,Unemployed,1057.36,High School/GED,0,Stable Housing,True,2,0,14,0.5,1,4,4.5,Monthly,0.7,4,1,Graduated
DC-100657,Demo657,Participant657,Male,White,Non-Hispanic,Single,26,Unemployed,466.52,Some College,1,Homeless,False,4,1,24,2.0,2,4,6.4,Weekly,0.0,2,1,Active
DC-100658,Demo658,Participant658,Male,Hispanic/Latino,Non-Hispanic,Single,25,Unemployed,1080.32,Less than High School,2,Stable Housing,False,2,0,20,0.4,1,4,5.6,Never,0.5,6,0,Active
DC-100659,Demo659,Participant659,Male,Black/African American,Hispanic,Single,34,Employed Full-Time,1975.57,High School/GED,0,Stable Housing,False,5,1,21,0.38,2,3,5.4,Daily,0.1,3,0,Active
DC-100660,Demo660,Participant660,Male,Black/African American,Non-Hispanic,Single,38,Employed Full-Time,3828.85,Less than High School,0,Unstable Housing,False,0,0,17,0.0,0,4,3.1,Weekly,1.7,2,0,Graduated
DC-100661,Demo661,Participant661,Non-binary/Other,Black/African American,Non-Hispanic,Separated,48,Unemployed,56.01,High School/GED,1,Unstable Housing,True,1,0,13,0.03,0,5,4.8,Monthly,0.8,3,0,Active
DC-100662,Demo662,Participant662,Male,White,Non-Hispanic,Single,29,Disabled,594.2,High School/GED,4,Unstable Housing,False,6,2,22,0.86,4,2,6.3,Monthly,1.6,0,1,Active
DC-100663,Demo663,Participant663,Male,White,Non-Hispanic,Single,29,Unemployed,630.49,High School/GED,0,Unstable Housing,False,2,0,20,0.22,0,2,3.8,Weekly,1.2,7,1,Terminated
DC-100664,Demo664,Participant664,Male,Other,Non-Hispanic,Married,45,Unemployed,950.17,Some College,2,Stable Housing,True,3,0,24,0.14,1,12,4.9,Monthly,2.3,9,1,Terminated
DC-100665,Demo665,Participant665,Male,Native American,Non-Hispanic,Single,36,Employed Part-Time,1072.07,High School/GED,2,Stable Housing,False,6,0,18,0.33,2,2,4.5,Never,3.9,3,1,Terminated
DC-100666,Demo666,Participant666,Male,White,Non-Hispanic,Married,46,Unemployed,394.5,High School/GED,4,Stable Housing,False,2,0,17,0.07,1,7,4.7,Never,2.0,1,0,Active
DC-100667,Demo667,Participant667,Male,White,Hispanic,Single,36,Unemployed,840.35,Associate's,4,Stable Housing,True,0,0,24,0.0,0,8,4.8,Monthly,0.2,5,1,Pending
DC-100668,Demo668,Participant668,Male,White,Non-Hispanic,Divorced,22,Employed Full-Time,1897.36,High School/GED,2,Unstable Housing,False,4,0,26,4.0,1,2,3.4,Rarely,0.1,3,1,Terminated
DC-100669,Demo669,Participant669,Male,Black/African American,Non-Hispanic,Separated,20,Employed Full-Time,2840.91,High School/GED,1,Transitional Housing,True,6,1,19,5.0,4,10,4.4,Never,0.7,1,1,Terminated
DC-100670,Demo670,Participant670,Male,Hispanic/Latino,Non-Hispanic,Married,18,Disabled,749.61,Some College,0,Stable Housing,False,4,1,15,1.33,3,2,5.1,Daily,1.7,0,0,Pending
DC-100671,Demo671,Participant671,Female,White,Non-Hispanic,Separated,40,Employed Part-Time,1276.76,High School/GED,1,Stable Housing,False,5,1,22,0.28,1,0,4.7,Monthly,0.1,7,0,Pending
DC-100672,Demo672,Participant672,Male,White,Non-Hispanic,Single,45,Employed Part-Time,1135.78,Less than High School,2,Transitional Housing,False,2,0,17,0.07,1,0,3.8,Weekly,1.2,6,0,Active
DC-100673,Demo673,Participant673,Male,Hispanic/Latino,Non-Hispanic,Single,52,Employed Full-Time,1608.83,High School/GED,3,Stable Housing,False,4,0,21,0.13,1,2,4.9,Rarely,6.5,6,0,Active
DC-100674,Demo674,Participant674,Male,Black/African American,Non-Hispanic,Married,42,Disabled,539.22,High School/GED,2,With Family,True,6,1,17,0.24,2,6,3.8,Never,0.3,3,0,Graduated
DC-100675,Demo675,Participant675,Non-binary/Other,White,Non-Hispanic,Married,45,Unemployed,894.0,High School/GED,0,Homeless,True,3,0,25,0.15,1,4,7.2,Weekly,8.9,6,1,Active
DC-100676,Demo676,Participant676,Male,Black/African American,Hispanic,Single,28,Unemployed,691.55,Less than High School,1,Stable Housing,True,3,0,16,0.25,1,8,3.8,Rarely,5.8,4,1,Active
DC-100677,Demo677,Participant677,Male,White,Non-Hispanic,Single,22,Disabled,944.43,Associate's,0,Stable Housing,False,1,0,20,0.5,0,8,3.4,Never,5.3,2,0,Graduated
DC-100678,Demo678,Participant678,Female,White,Non-Hispanic,Single,42,Employed Part-Time,1430.83,Some College,0,Unstable Housing,False,2,0,17,0.08,0,6,3.1,Weekly,6.0,7,0,Active
DC-100679,Demo679,Participant679,Female,Black/African American,Hispanic,Single,38,Unemployed,210.5,High School/GED,0,Stable Housing,False,1,0,17,0.05,0,6,3.6,Never,0.3,10,0,Active
DC-100680,Demo680,Participant680,Female,Black/African American,Non-Hispanic,Single,35,Employed Full-Time,1941.67,Some College,0,Stable Housing,True,2,0,17,0.11,1,0,5.5,Weekly,0.5,7,0,Active
DC-100681,Demo681,Participant681,Male,Hispanic/Latino,Hispanic,Divorced,37,Employed Full-Time,4337.65,Associate's,3,Stable Housing,False,4,1,21,0.25,1,8,5.4,Monthly,0.4,6,0,Active
DC-100682,Demo682,Participant682,Male,Black/African American,Non-Hispanic,Single,37,Unemployed,535.82,Less than High School,0,Transitional Housing,False,3,0,22,0.2,1,8,5.9,Monthly,0.4,6,0,Graduated
DC-100683,Demo683,Participant683,Male,Black/African American,Non-Hispanic,Single,46,Unemployed,306.92,Less than High School,0,Unstable Housing,False,5,0,21,0.2,1,8,6.0,Never,1.2,5,1,Pending
DC-100684,Demo684,Participant684,Female,White,Non-Hispanic,Married,46,Employed Part-Time,968.42,High School/GED,4,Stable Housing,False,1,0,18,0.04,0,4,4.0,Daily,5.3,7,1,Graduated
DC-100685,Demo685,Participant685,Male,White,Non-Hispanic,Married,39,Employed Part-Time,841.45,Some College,0,Homeless,True,5,1,19,0.25,2,4,7.4,Weekly,0.9,3,0,Graduated
DC-100686,Demo686,Participant686,Male,White,Non-Hispanic,Divorced,42,Unemployed,541.65,Less than High School,0,Unstable Housing,True,4,0,22,0.2,2,1,5.7,Weekly,0.8,1,0,Active
DC-100687,Demo687,Participant687,Male,White,Non-Hispanic,Married,39,Employed Full-Time,2642.32,Bachelor's,0,Unstable Housing,False,3,0,22,0.18,1,3,5.3,Weekly,3.4,6,0,Active
DC-100688,Demo688,Participant688,Female,Black/African American,Non-Hispanic,Single,29,Employed Part-Time,1439.6,High School/GED,0,Stable Housing,False,0,0,10,0.0,0,5,3.2,Daily,0.3,8,0,Terminated
DC-100689,Demo689,Participant689,Male,Other,Non-Hispanic,Divorced,41,Employed Full-Time,2934.86,High School/GED,0,Unstable Housing,True,1,0,17,0.04,0,2,5.7,Weekly,1.3,2,0,Graduated
DC-100690,Demo690,Participant690,Male,White,Non-Hispanic,Married,20,Employed Part-Time,1002.32,High School/GED,0,With Family,True,2,0,18,1.0,1,6,4.8,Daily,1.1,6,0,Active
DC-100691,Demo691,Participant691,Male,White,Hispanic,Single,44,Unemployed,864.32,Less than High School,1,Stable Housing,False,3,0,21,0.13,1,3,3.9,Weekly,5.6,2,1,Terminated
DC-100692,Demo692,Participant692,Male,Hispanic/Latino,Non-Hispanic,Married,22,Employed Part-Time,1585.0,Some College,0,Stable Housing,False,3,1,18,0.75,1,9,4.5,Monthly,2.2,8,0,Pending
DC-100693,Demo693,Participant693,Male,White,Non-Hispanic,Separated,36,Employed Full-Time,1365.34,Bachelor's,0,Stable Housing,True,1,0,21,0.07,0,9,3.8,Daily,3.1,5,0,Active
DC-100694,Demo694,Participant694,Male,Black/African American,Non-Hispanic,Single,25,Unemployed,469.05,High School/GED,3,Stable Housing,False,10,1,14,0.91,6,3,8.3,Daily,0.4,4,1,Active
DC-100695,Demo695,Participant695,Male,Black/African American,Non-Hispanic,Single,39,Unemployed,921.5,Bachelor's,1,Stable Housing,False,4,1,20,0.21,2,2,6.6,Rarely,7.9,6,1,Active
DC-100696,Demo696,Participant696,Male,Black/African American,Hispanic,Single,33,Employed Part-Time,1276.45,Some College,3,Transitional Housing,False,1,0,22,0.09,0,2,4.2,Weekly,1.2,6,0,Active
DC-100697,Demo697,Participant697,Male,White,Non-Hispanic,Single,18,Employed Full-Time,3108.04,High School/GED,1,With Family,False,1,0,13,0.2,0,0,2.0,Weekly,3.7,7,0,Terminated
DC-100698,Demo698,Participant698,Male,White,Non-Hispanic,Single,38,Employed Part-Time,1122.56,Some College,1,Stable Housing,True,3,0,29,0.33,1,5,5.5,Rarely,9.3,8,0,Pending
DC-100699,Demo699,Participant699,Male,Black/African American,Non-Hispanic,Married,28,Unemployed,528.13,High School/GED,2,Unstable Housing,False,4,1,23,0.8,1,8,5.4,Daily,2.1,0,1,Active
DC-100700,Demo700,Participant700,Male,Black/African American,Non-Hispanic,Single,42,Unemployed,746.75,High School/GED,0,Homeless,False,2,0,19,0.09,1,5,5.5,Weekly,2.1,1,0,Graduated
DC-100701,Demo701,Participant701,Male,White,Non-Hispanic,Separated,34,Unemployed,246.07,Less than High School,0,Unstable Housing,False,4,0,15,0.21,2,1,4.8,Weekly,0.4,6,1,Graduated
DC-100702,Demo702,Participant702,Male,Black/African American,Hispanic,Divorced,37,Disabled,591.19,Some College,2,Unstable Housing,False,2,0,18,0.11,1,5,4.6,Rarely,1.5,8,0,Active
DC-100703,Demo703,Participant703,Male,White,Non-Hispanic,Married,24,Unemployed,718.59,Less than High School,1,Stable Housing,False,2,0,19,0.4,1,0,4.3,Monthly,5.7,2,1,Active
DC-100704,Demo704,Participant704,Male,Black/African American,Non-Hispanic,Divorced,28,Unemployed,609.91,Some College,2,Unstable Housing,False,1,0,20,0.12,0,8,3.5,Rarely,0.4,0,1,Terminated
DC-100705,Demo705,Participant705,Non-binary/Other,White,Non-Hispanic,Single,29,Unemployed,1004.08,Some College,3,Unstable Housing,False,5,1,25,1.25,3,9,5.9,Monthly,7.5,2,0,Terminated
DC-100706,Demo706,Participant706,Male,Native American,Non-Hispanic,Single,42,Employed Full-Time,2522.02,Less than High School,1,Transitional Housing,True,2,0,17,0.08,1,2,2.0,Weekly,3.3,2,1,Active
DC-100707,Demo707,Participant707,Female,White,Non-Hispanic,Married,50,Student,597.76,High School/GED,1,Transitional Housing,True,1,0,21,0.03,0,3,2.6,Daily,1.6,6,1,Active
DC-100708,Demo708,Participant708,Male,White,Non-Hispanic,Divorced,25,Employed Part-Time,1174.84,High School/GED,1,Stable Housing,False,0,0,13,0.0,0,0,1.8,Weekly,2.4,0,1,Active
DC-100709,Demo709,Participant709,Female,White,Non-Hispanic,Divorced,44,Employed Full-Time,4057.67,High School/GED,5,Stable Housing,False,5,1,17,0.19,3,0,5.2,Monthly,0.5,1,0,Graduated
DC-100710,Demo710,Participant710,Female,White,Non-Hispanic,Single,18,Unemployed,720.99,High School/GED,3,With Family,False,4,0,20,4.0,3,2,6.1,Never,0.7,7,1,Active
DC-100711,Demo711,Participant711,Male,Hispanic/Latino,Non-Hispanic,Separated,22,Employed Part-Time,1041.89,High School/GED,3,Unstable Housing,False,0,0,21,0.0,0,5,3.6,Weekly,1.0,1,0,Active
DC-100712,Demo712,Participant712,Male,Other,Non-Hispanic,Single,24,Unemployed,509.54,High School/GED,0,Transitional Housing,False,3,0,15,0.33,1,3,6.3,Weekly,1.5,6,1,Graduated
DC-100713,Demo713,Participant713,Male,White,Non-Hispanic,Divorced,20,Unemployed,154.67,Less than High School,2,Stable Housing,False,6,2,17,2.0,4,13,8.2,Daily,7.4,2,1,Active
DC-100714,Demo714,Participant714,Male,White,Non-Hispanic,Widowed,18,Unemployed,983.48,Less than High School,0,Unstable Housing,False,3,0,24,3.0,1,6,4.5,Daily,1.4,5,1,Active
DC-100715,Demo715,Participant715,Female,Black/African American,Non-Hispanic,Single,38,Unemployed,581.75,Less than High School,0,Unstable Housing,False,8,1,23,0.53,3,9,7.5,Daily,2.2,0,1,Terminated
DC-100716,Demo716,Participant716,Female,Hispanic/Latino,Non-Hispanic,Divorced,31,Employed Part-Time,939.74,Some College,4,Transitional Housing,False,6,0,19,0.5,4,5,5.4,Never,0.5,2,0,Active
DC-100717,Demo717,Participant717,Female,Black/African American,Non-Hispanic,Single,37,Unemployed,869.04,Bachelor's,0,Stable Housing,False,4,0,10,0.15,1,3,3.2,Daily,4.0,3,1,Active
DC-100718,Demo718,Participant718,Male,White,Non-Hispanic,Single,40,Unemployed,726.7,High School/GED,4,Stable Housing,False,2,0,29,0.18,0,9,3.4,Rarely,2.5,7,0,Active
DC-100719,Demo719,Participant719,Female,White,Non-Hispanic,Married,36,Unemployed,261.41,High School/GED,0,Unstable Housing,False,1,0,18,0.06,0,0,4.0,Weekly,1.7,4,0,Active
DC-100720,Demo720,Participant720,Female,Black/African American,Non-Hispanic,Married,40,Unemployed,578.73,Less than High School,2,Transitional Housing,False,4,0,17,0.17,2,3,5.2,Weekly,8.8,0,1,Active
DC-100721,Demo721,Participant721,Male,White,Non-Hispanic,Separated,33,Employed Part-Time,1416.53,High School/GED,0,With Family,True,5,0,16,0.29,3,3,5.5,Weekly,6.6,6,1,Active
DC-100722,Demo722,Participant722,Male,Black/African American,Non-Hispanic,Divorced,22,Unemployed,76.64,Less than High School,0,With Family,True,3,1,20,1.5,1,5,6.0,Rarely,3.2,0,1,Active
DC-100723,Demo723,Participant723,Female,White,Non-Hispanic,Married,44,Employed Full-Time,4071.73,High School/GED,0,With Family,False,1,0,20,0.04,0,6,1.6,Weekly,7.6,8,0,Active
DC-100724,Demo724,Participant724,Male,Black/African American,Non-Hispanic,Divorced,28,Disabled,544.94,Associate's,1,Stable Housing,False,2,0,22,0.33,0,0,4.3,Never,2.5,1,0,Active
DC-100725,Demo725,Participant725,Female,White,Non-Hispanic,Separated,24,Employed Part-Time,845.61,Less than High School,0,Stable Housing,False,0,0,15,0.0,0,5,3.2,Never,5.3,3,0,Active
DC-100726,Demo726,Participant726,Male,Black/African American,Non-Hispanic,Single,32,Unemployed,155.33,Some College,2,Stable Housing,True,0,0,17,0.0,0,7,4.4,Weekly,1.6,0,1,Active
DC-100727,Demo727,Participant727,Female,White,Non-Hispanic,Widowed,24,Employed Full-Time,3009.36,Less than High School,0,Stable Housing,False,2,0,27,2.0,0,0,4.9,Daily,0.3,4,0,Active
DC-100728,Demo728,Participant728,Male,Black/African American,Hispanic,Single,29,Employed Full-Time,3383.21,High School/GED,0,Transitional Housing,False,0,0,19,0.0,0,1,2.9,Daily,15.0,3,0,Active
DC-100729,Demo729,Participant729,Male,White,Non-Hispanic,Divorced,37,Unemployed,611.27,Less than High School,0,With Family,False,8,2,18,0.42,3,1,9.2,Weekly,0.5,3,0,Active
DC-100730,Demo730,Participant730,Male,Black/African American,Non-Hispanic,Single,37,Unemployed,720.19,High School/GED,1,Stable Housing,False,0,0,15,0.0,0,4,2.9,Never,0.9,0,0,Active
DC-100731,Demo731,Participant731,Female,Black/African American,Non-Hispanic,Single,25,Unemployed,363.58,Less than High School,2,Homeless,False,2,0,21,0.5,0,5,5.2,Never,0.5,7,1,Active
DC-100732,Demo732,Participant732,Male,Black/African American,Hispanic,Single,29,Disabled,736.91,High School/GED,3,With Family,False,5,1,23,0.83,1,3,5.9,Rarely,1.2,6,0,Graduated
DC-100733,Demo733,Participant733,Male,Black/African American,Non-Hispanic,Married,44,Unemployed,489.88,High School/GED,0,Unstable Housing,True,2,0,22,0.09,0,2,4.2,Daily,1.0,4,1,Active
DC-100734,Demo734,Participant734,Male,Black/African American,Non-Hispanic,Single,38,Unemployed,331.02,High School/GED,1,Stable Housing,False,1,0,17,0.05,0,3,4.5,Monthly,2.8,4,0,Active
DC-100735,Demo735,Participant735,Female,Hispanic/Latino,Non-Hispanic,Single,54,Employed Full-Time,2649.53,High School/GED,2,Unstable Housing,False,4,1,20,0.12,1,9,7.1,Daily,15.0,5,1,Active
DC-100736,Demo736,Participant736,Male,White,Non-Hispanic,Married,45,Unemployed,1047.5,Associate's,0,Stable Housing,False,6,1,25,0.3,3,1,7.1,Weekly,0.2,1,1,Active
DC-100737,Demo737,Participant737,Female,Hispanic/Latino,Non-Hispanic,Separated,45,Employed Part-Time,1490.03,High School/GED,1,Unstable Housing,False,0,0,23,0.0,0,7,3.2,Weekly,4.5,8,1,Active
DC-100738,Demo738,Participant738,Male,White,Non-Hispanic,Single,20,Disabled,876.89,Less than High School,1,Unstable Housing,False,4,1,15,0.8,1,4,4.2,Daily,0.4,2,0,Active
DC-100739,Demo739,Participant739,Male,White,Non-Hispanic,Single,41,Disabled,443.81,Less than High School,0,Stable Housing,False,2,0,10,0.06,1,1,2.1,Monthly,0.1,5,1,Graduated
DC-100740,Demo740,Participant740,Male,White,Non-Hispanic,Single,33,Disabled,120.71,Some College,0,With Family,False,2,0,20,0.15,1,2,3.7,Weekly,3.1,4,0,Graduated
DC-100741,Demo741,Participant741,Male,White,Hispanic,Single,28,Unemployed,1047.04,High School/GED,0,Unstable Housing,True,2,0,22,0.33,1,5,5.7,Daily,6.2,4,1,Active
DC-100742,Demo742,Participant742,Female,Black/African American,Non-Hispanic,Divorced,35,Unemployed,1216.35,High School/GED,1,Unstable Housing,True,2,0,14,0.1,0,4,4.3,Weekly,0.6,7,0,Active
DC-100743,Demo743,Participant743,Male,Black/African American,Non-Hispanic,Divorced,43,Unemployed,1062.84,Less than High School,0,With Family,False,0,0,18,0.0,0,0,4.2,Monthly,1.3,2,0,Active
DC-100744,Demo744,Participant744,Male,Black/African American,Non-Hispanic,Married,39,Employed Full-Time,2821.33,High School/GED,0,Stable Housing,True,1,0,17,0.05,0,6,4.8,Monthly,0.6,6,0,Graduated
DC-100745,Demo745,Participant745,Female,White,Non-Hispanic,Single,25,Unemployed,253.61,Less than High School,0,Stable Housing,False,11,3,19,1.83,6,4,10.0,Daily,7.1,4,1,Active
DC-100746,Demo746,Participant746,Male,White,Hispanic,Divorced,41,Employed Full-Time,2342.93,Associate's,0,Transitional Housing,False,1,0,16,0.04,0,4,3.8,Never,0.9,0,0,Active
DC-100747,Demo747,Participant747,Male,White,Non-Hispanic,Married,27,Unemployed,94.88,Associate's,0,Stable Housing,False,2,0,24,0.67,1,7,4.8,Daily,1.8,3,0,Active
DC-100748,Demo748,Participant748,Female,White,Non-Hispanic,Divorced,36,Employed Full-Time,2579.31,Less than High School,3,Transitional Housing,False,3,0,19,0.18,2,11,2.7,Never,6.8,7,0,Terminated
DC-100749,Demo749,Participant749,Male,White,Non-Hispanic,Married,30,Employed Full-Time,2987.64,High School/GED,0,Stable Housing,False,3,0,15,0.2,1,7,3.6,Weekly,2.4,2,0,Active
DC-100750,Demo750,Participant750,Male,White,Non-Hispanic,Divorced,31,Employed Part-Time,1714.23,Less than High School,2,Stable Housing,False,7,1,22,0.78,3,6,6.0,Weekly,8.1,3,1,Active
DC-100751,Demo751,Participant751,Female,White,Non-Hispanic,Married,41,Unemployed,690.7,High School/GED,1,Unstable Housing,True,2,0,13,0.07,1,3,3.7,Weekly,7.8,3,0,Active
DC-100752,Demo752,Participant752,Male,Black/African American,Non-Hispanic,Single,23,Unemployed,1012.68,Some College,2,Stable Housing,True,2,0,24,2.0,1,2,4.8,Weekly,1.9,4,1,Active
DC-100753,Demo753,Participant753,Male,Black/African American,Non-Hispanic,Separated,53,Employed Full-Time,2900.31,High School/GED,1,Transitional Housing,False,3,0,22,0.1,1,0,6.1,Daily,2.6,7,0,Active
DC-100754,Demo754,Participant754,Male,Other,Non-Hispanic,Married,18,Unemployed,1210.66,High School/GED,0,Homeless,True,1,0,24,1.0,0,5,7.2,Weekly,0.8,1,1,Graduated
DC-100755,Demo755,Participant755,Female,Native American,Non-Hispanic,Married,28,Employed Full-Time,2152.23,Less than High School,3,With Family,False,1,0,18,0.1,0,1,3.6,Daily,14.0,3,0,Terminated
DC-100756,Demo756,Participant756,Male,Black/African American,Hispanic,Single,37,Unemployed,560.67,Some College,1,Transitional Housing,False,2,0,17,0.1,0,4,5.4,Rarely,1.0,3,0,Graduated
DC-100757,Demo757,Participant757,Male,White,Non-Hispanic,Married,39,Unemployed,426.74,High School/GED,2,Stable Housing,False,2,0,19,0.1,1,2,3.9,Never,4.6,2,1,Active
DC-100758,Demo758,Participant758,Female,Black/African American,Non-Hispanic,Married,32,Unemployed,809.17,High School/GED,1,Transitional Housing,True,0,0,18,0.0,0,3,5.3,Never,1.1,8,0,Graduated
DC-100759,Demo759,Participant759,Female,Black/African American,Non-Hispanic,Single,33,Unemployed,495.74,Less than High School,5,Homeless,False,2,0,16,0.12,1,3,4.5,Rarely,1.1,0,0,Terminated
DC-100760,Demo760,Participant760,Male,White,Non-Hispanic,Single,38,Employed Part-Time,722.33,High School/GED,2,Homeless,True,2,0,16,0.09,0,1,6.2,Weekly,0.3,1,1,Active
DC-100761,Demo761,Participant761,Male,White,Non-Hispanic,Married,31,Unemployed,984.37,Bachelor's,4,Transitional Housing,False,1,0,17,0.07,0,10,4.7,Weekly,2.5,5,1,Active
DC-100762,Demo762,Participant762,Male,Hispanic/Latino,Non-Hispanic,Divorced,47,Unemployed,964.93,High School/GED,1,Unstable Housing,True,2,0,14,0.06,0,3,3.8,Daily,0.8,2,1,Terminated
DC-100763,Demo763,Participant763,Female,White,Non-Hispanic,Married,42,Unemployed,646.65,High School/GED,1,Unstable Housing,False,0,0,21,0.0,0,11,3.6,Rarely,0.5,5,1,Active
DC-100764,Demo764,Participant764,Male,Black/African American,Non-Hispanic,Single,42,Unemployed,221.14,High School/GED,2,Homeless,True,7,2,18,0.29,5,5,8.0,Monthly,0.8,7,1,Active
DC-100765,Demo765,Participant765,Male,Black/African American,Non-Hispanic,Divorced,24,Employed Full-Time,3589.15,Some College,3,Stable Housing,True,0,0,17,0.0,0,1,1.9,Daily,0.9,1,0,Active
DC-100766,Demo766,Participant766,Female,White,Hispanic,Single,33,Unemployed,632.17,High School/GED,4,Stable Housing,False,3,0,14,0.16,1,7,3.4,Daily,2.1,1,1,Active
DC-100767,Demo767,Participant767,Female,White,Non-Hispanic,Single,30,Unemployed,450.04,Less than High School,0,Homeless,True,0,0,14,0.0,0,8,6.1,Daily,1.5,1,1,Graduated
DC-100768,Demo768,Participant768,Male,White,Non-Hispanic,Single,23,Employed Part-Time,604.86,High School/GED,2,Stable Housing,False,11,3,26,5.0,7,10,10.0,Daily,0.2,1,1,Active
DC-100769,Demo769,Participant769,Female,White,Non-Hispanic,Single,37,Employed Full-Time,2697.2,Some College,0,Stable Housing,True,2,0,16,0.1,0,8,1.6,Weekly,2.3,2,0,Active
DC-100770,Demo770,Participant770,Male,White,Non-Hispanic,Single,28,Employed Full-Time,1246.16,Some College,1,Stable Housing,False,1,0,21,0.14,0,4,5.2,Daily,4.6,7,0,Active
DC-100771,Demo771,Participant771,Female,Hispanic/Latino,Non-Hispanic,Single,40,Disabled,1013.44,Associate's,0,Homeless,False,1,0,19,0.05,0,12,4.9,Weekly,2.6,6,1,Graduated
DC-100772,Demo772,Participant772,Male,White,Non-Hispanic,Single,23,Unemployed,302.81,High School/GED,0,Stable Housing,False,4,1,10,0.31,2,5,6.2,Daily,11.0,0,1,Terminated
DC-100773,Demo773,Participant773,Male,White,Non-Hispanic,Single,51,Employed Full-Time,1985.87,Less than High School,4,Transitional Housing,False,8,1,26,0.32,6,4,5.2,Never,0.3,7,1,Active
DC-100774,Demo774,Participant774,Female,White,Non-Hispanic,Married,25,Employed Part-Time,1234.24,Bachelor's,0,Stable Housing,False,2,0,21,0.5,0,4,5.1,Daily,5.2,0,0,Active
DC-100775,Demo775,Participant775,Male,Native American,Non-Hispanic,Married,36,Unemployed,734.42,High School/GED,2,Unstable Housing,True,6,0,15,0.29,3,2,6.4,Weekly,2.1,5,1,Active
DC-100776,Demo776,Participant776,Male,White,Non-Hispanic,Single,41,Unemployed,1059.71,High School/GED,1,Unstable Housing,True,0,0,18,0.0,0,5,4.9,Rarely,2.2,1,0,Active
DC-100777,Demo777,Participant777,Female,White,Hispanic,Divorced,28,Employed Full-Time,2596.68,Some College,0,Homeless,False,9,1,14,0.64,5,12,9.8,Monthly,2.2,0,1,Active
DC-100778,Demo778,Participant778,Female,Hispanic/Latino,Non-Hispanic,Single,42,Employed Part-Time,1334.02,High School/GED,0,Stable Housing,False,0,0,26,0.0,0,10,4.3,Daily,1.2,6,0,Graduated
DC-100779,Demo779,Participant779,Male,Hispanic/Latino,Non-Hispanic,Married,21,Disabled,762.01,Less than High School,1,With Family,False,1,0,15,0.17,0,0,2.8,Weekly,1.2,3,0,Active
DC-100780,Demo780,Participant780,Female,White,Non-Hispanic,Single,48,Employed Full-Time,3804.02,Some College,0,With Family,False,3,0,16,0.09,1,2,4.0,Daily,3.0,4,0,Active
DC-100781,Demo781,Participant781,Male,Hispanic/Latino,Non-Hispanic,Single,34,Employed Full-Time,2999.33,Some College,2,Transitional Housing,False,7,2,16,0.39,2,4,6.2,Rarely,0.1,3,1,Graduated
DC-100782,Demo782,Participant782,Male,White,Non-Hispanic,Married,28,Disabled,604.29,High School/GED,4,With Family,True,4,1,19,0.44,1,4,6.0,Weekly,2.7,0,1,Active
DC-100783,Demo783,Participant783,Male,White,Non-Hispanic,Married,31,Unemployed,873.28,High School/GED,0,Unstable Housing,False,1,0,24,0.14,0,3,4.5,Monthly,3.9,5,0,Active
DC-100784,Demo784,Participant784,Male,White,Non-Hispanic,Divorced,42,Employed Part-Time,1090.14,Less than High School,0,Unstable Housing,False,4,1,26,0.25,1,4,6.2,Weekly,1.3,6,1,Active
DC-100785,Demo785,Participant785,Female,White,Non-Hispanic,Married,28,Employed Full-Time,2743.25,Less than High School,1,Transitional Housing,False,1,0,17,0.09,0,2,4.5,Weekly,0.7,0,0,Active
DC-100786,Demo786,Participant786,Male,Black/African American,Non-Hispanic,Separated,26,Employed Full-Time,4021.21,High School/GED,2,Homeless,False,1,0,20,0.17,0,9,3.2,Weekly,0.7,2,0,Pending
DC-100787,Demo787,Participant787,Male,White,Non-Hispanic,Single,31,Employed Part-Time,1387.08,High School/GED,0,With Family,False,6,0,19,0.5,3,5,6.8,Never,0.3,4,1,Graduated
DC-100788,Demo788,Participant788,Male,White,Non-Hispanic,Single,22,Disabled,0.0,Bachelor's,0,Homeless,False,2,0,15,0.29,1,3,6.3,Rarely,0.3,4,1,Active
DC-100789,Demo789,Participant789,Female,Black/African American,Non-Hispanic,Single,52,Unemployed,173.33,Some College,1,With Family,False,1,0,28,0.04,0,1,3.8,Never,0.5,4,0,Active
DC-100790,Demo790,Participant790,Male,Black/African American,Non-Hispanic,Single,28,Unemployed,804.49,High School/GED,4,Stable Housing,True,2,0,24,0.5,1,2,4.9,Daily,0.1,5,1,Active
DC-100791,Demo791,Participant791,Male,White,Hispanic,Married,42,Disabled,604.23,High School/GED,1,Transitional Housing,True,3,0,19,0.13,2,3,4.1,Monthly,0.9,9,1,Terminated
DC-100792,Demo792,Participant792,Male,Black/African American,Hispanic,Married,36,Unemployed,781.65,Less than High School,1,Homeless,False,9,1,25,0.82,3,5,10.0,Monthly,1.1,2,1,Pending
DC-100793,Demo793,Participant793,Male,White,Non-Hispanic,Single,24,Employed Full-Time,3638.02,Bachelor's,4,Homeless,False,0,0,23,0.0,0,0,4.1,Weekly,15.0,4,0,Active
DC-100794,Demo794,Participant794,Male,Black/African American,Non-Hispanic,Separated,33,Unemployed,771.28,High School/GED,2,Stable Housing,True,0,0,19,0.0,0,2,4.3,Daily,14.4,5,1,Terminated
DC-100795,Demo795,Participant795,Female,Black/African American,Non-Hispanic,Divorced,41,Disabled,355.68,Less than High School,2,Transitional Housing,False,3,0,20,0.14,1,2,4.3,Never,0.6,4,0,Active
DC-100796,Demo796,Participant796,Female,Native American,Hispanic,Single,32,Unemployed,771.15,High School/GED,1,With Family,False,2,0,25,0.29,1,3,4.2,Rarely,0.7,2,1,Active
DC-100797,Demo797,Participant797,Male,White,Non-Hispanic,Single,45,Employed Full-Time,4048.75,Some College,4,Stable Housing,True,7,2,15,0.23,2,10,7.0,Weekly,2.0,4,1,Active
DC-100798,Demo798,Participant798,Female,White,Non-Hispanic,Single,44,Unemployed,966.17,Associate's,2,Homeless,False,2,0,25,0.11,1,4,8.8,Daily,0.5,5,1,Graduated
DC-100799,Demo799,Participant799,Female,White,Non-Hispanic,Single,43,Unemployed,1204.07,Less than High School,3,Unstable Housing,False,1,0,18,0.04,0,2,3.5,Weekly,2.1,4,0,Active
DC-100800,Demo800,Participant800,Female,White,Non-Hispanic,Single,29,Disabled,673.23,Associate's,2,With Family,False,4,0,25,1.0,1,2,4.4,Monthly,1.5,1,0,Terminated
DC-100801,Demo801,Participant801,Male,White,Non-Hispanic,Married,23,Employed Full-Time,2323.65,Less than High School,2,Unstable Housing,False,3,0,18,0.6,1,5,3.5,Weekly,1.2,3,0,Active
DC-100802,Demo802,Participant802,Male,Hispanic/Latino,Non-Hispanic,Single,27,Unemployed,143.05,Less than High School,0,Stable Housing,False,6,0,20,0.86,3,10,5.6,Daily,5.2,7,1,Graduated
DC-100803,Demo803,Participant803,Male,White,Non-Hispanic,Single,35,Unemployed,440.58,Some College,0,Unstable Housing,False,5,1,18,0.29,3,16,7.1,Weekly,5.3,7,1,Active
DC-100804,Demo804,Participant804,Male,White,Non-Hispanic,Widowed,39,Unemployed,542.08,Some College,2,Homeless,True,10,1,16,0.43,4,0,10.0,Monthly,13.2,6,1,Active
DC-100805,Demo805,Participant805,Female,Black/African American,Non-Hispanic,Divorced,18,Unemployed,915.1,High School/GED,0,Stable Housing,False,2,0,17,2.0,1,1,4.6,Monthly,0.8,5,0,Active
DC-100806,Demo806,Participant806,Female,White,Non-Hispanic,Separated,33,Employed Full-Time,4854.78,High School/GED,1,Homeless,False,10,2,24,1.11,7,12,10.0,Daily,6.6,1,1,Terminated
DC-100807,Demo807,Participant807,Female,Black/African American,Non-Hispanic,Single,35,Employed Part-Time,1086.15,Some College,0,With Family,False,1,0,10,0.04,0,1,4.2,Weekly,2.3,3,0,Graduated
DC-100808,Demo808,Participant808,Male,White,Non-Hispanic,Single,31,Employed Part-Time,411.16,Some College,2,Transitional Housing,True,0,0,14,0.0,0,3,2.8,Weekly,2.7,0,1,Active
DC-100809,Demo809,Participant809,Male,White,Non-Hispanic,Married,46,Disabled,546.85,Associate's,0,Stable Housing,True,10,3,16,0.33,5,0,7.0,Monthly,6.8,6,1,Active
DC-100810,Demo810,Participant810,Non-binary/Other,White,Non-Hispanic,Single,38,Employed Part-Time,622.43,High School/GED,2,With Family,False,7,1,14,0.29,2,3,7.1,Weekly,8.6,2,1,Graduated
DC-100811,Demo811,Participant811,Female,White,Non-Hispanic,Single,47,Unemployed,482.65,Bachelor's,1,Homeless,False,0,0,25,0.0,0,3,5.5,Monthly,3.9,6,1,Active
DC-100812,Demo812,Participant812,Male,Hispanic/Latino,Non-Hispanic,Divorced,31,Unemployed,471.29,Graduate,0,Stable Housing,False,7,1,24,1.0,2,0,7.1,Monthly,1.3,6,1,Pending
DC-100813,Demo813,Participant813,Female,White,Non-Hispanic,Married,43,Employed Full-Time,2154.47,Less than High School,1,Stable Housing,False,5,1,21,0.23,3,5,5.0,Daily,2.0,7,1,Terminated
DC-100814,Demo814,Participant814,Female,White,Non-Hispanic,Single,50,Unemployed,525.61,Some College,0,Stable Housing,False,1,0,16,0.03,0,3,4.9,Monthly,2.9,6,0,Active
DC-100815,Demo815,Participant815,Male,White,Non-Hispanic,Married,47,Unemployed,456.01,High School/GED,0,Transitional Housing,False,1,0,24,0.04,0,2,4.5,Monthly,5.3,4,1,Active
DC-100816,Demo816,Participant816,Male,White,Non-Hispanic,Single,23,Unemployed,445.21,High School/GED,0,Stable Housing,False,4,0,12,0.36,1,0,5.2,Daily,3.2,4,1,Graduated
DC-100817,Demo817,Participant817,Male,Hispanic/Latino,Non-Hispanic,Single,31,Unemployed,725.06,High School/GED,0,Stable Housing,False,7,1,27,1.75,4,2,5.9,Rarely,1.4,2,0,Active
DC-100818,Demo818,Participant818,Male,White,Non-Hispanic,Single,30,Unemployed,797.59,Less than High School,5,Transitional Housing,False,0,0,16,0.0,0,2,4.9,Weekly,1.6,1,1,Active
DC-100819,Demo819,Participant819,Male,Black/African American,Non-Hispanic,Single,38,Employed Full-Time,2263.57,High School/GED,0,Unstable Housing,True,1,0,17,0.05,0,3,4.0,Weekly,0.2,1,1,Active
DC-100820,Demo820,Participant820,Female,Native American,Non-Hispanic,Single,40,Disabled,898.62,Some College,2,Transitional Housing,True,8,1,17,0.35,2,8,7.0,Daily,7.7,1,1,Pending
DC-100821,Demo821,Participant821,Male,Black/African American,Non-Hispanic,Separated,25,Employed Full-Time,3056.03,Less than High School,0,Transitional Housing,False,3,0,14,0.27,2,5,1.5,Daily,0.3,8,0,Graduated
DC-100822,Demo822,Participant822,Male,Native American,Non-Hispanic,Married,34,Unemployed,511.48,High School/GED,2,Stable Housing,False,3,0,26,0.38,2,9,5.0,Weekly,2.6,1,0,Active
DC-100823,Demo823,Participant823,Male,White,Non-Hispanic,Divorced,18,Employed Part-Time,2039.76,Associate's,0,With Family,False,3,1,22,3.0,1,4,4.5,Monthly,6.2,5,1,Active
DC-100824,Demo824,Participant824,Male,White,Non-Hispanic,Single,48,Disabled,693.85,High School/GED,2,Stable Housing,False,1,0,23,0.04,0,7,2.8,Weekly,1.6,1,0,Active
DC-100825,Demo825,Participant825,Female,White,Hispanic,Single,28,Unemployed,772.13,High School/GED,2,Unstable Housing,False,5,1,14,0.36,2,5,7.1,Daily,4.8,9,1,Terminated
DC-100826,Demo826,Participant826,Male,Black/African American,Non-Hispanic,Single,34,Unemployed,1019.35,High School/GED,2,Homeless,False,4,1,19,0.27,2,2,8.1,Never,4.9,2,1,Active
DC-100827,Demo827,Participant827,Male,Other,Non-Hispanic,Single,30,Employed Full-Time,2910.67,High School/GED,0,Stable Housing,False,2,0,21,0.22,0,3,4.2,Daily,0.2,3,0,Active
DC-100828,Demo828,Participant828,Female,White,Non-Hispanic,Single,45,Unemployed,437.56,High School/GED,2,With Family,True,2,0,20,0.08,0,6,5.6,Monthly,1.6,3,1,Active
DC-100829,Demo829,Participant829,Male,Black/African American,Non-Hispanic,Divorced,18,Unemployed,569.4,Some College,0,Unstable Housing,False,3,0,14,0.75,1,10,4.0,Rarely,3.5,6,1,Active
DC-100830,Demo830,Participant830,Male,White,Non-Hispanic,Divorced,33,Unemployed,801.31,High School/GED,0,Stable Housing,False,10,1,23,1.0,4,8,7.8,Monthly,1.6,1,0,Active
DC-100831,Demo831,Participant831,Male,Black/African American,Non-Hispanic,Married,32,Employed Full-Time,3967.08,Some College,1,With Family,False,4,0,19,0.31,1,7,4.7,Never,2.4,7,1,Active
DC-100832,Demo832,Participant832,Male,White,Non-Hispanic,Single,29,Student,881.69,High School/GED,1,Unstable Housing,False,0,0,15,0.0,0,4,2.4,Daily,2.7,5,1,Active
DC-100833,Demo833,Participant833,Male,Other,Non-Hispanic,Separated,51,Disabled,580.84,High School/GED,1,Homeless,True,1,0,11,0.02,0,7,5.6,Daily,0.5,1,0,Active
DC-100834,Demo834,Participant834,Male,Black/African American,Non-Hispanic,Single,25,Employed Part-Time,1612.1,High School/GED,2,Unstable Housing,False,2,0,21,0.5,0,0,3.3,Weekly,1.6,0,0,Pending
DC-100835,Demo835,Participant835,Male,White,Non-Hispanic,Single,41,Unemployed,300.32,Some College,0,Transitional Housing,False,9,3,28,0.69,5,1,10.0,Weekly,0.1,6,1,Graduated
DC-100836,Demo836,Participant836,Female,White,Non-Hispanic,Single,37,Unemployed,681.79,High School/GED,0,Stable Housing,False,1,0,14,0.04,0,5,3.3,Weekly,0.5,1,0,Active
DC-100837,Demo837,Participant837,Male,White,Hispanic,Divorced,46,Unemployed,702.67,Less than High School,0,Stable Housing,False,2,0,19,0.07,1,3,6.7,Daily,2.2,7,1,Terminated
DC-100838,Demo838,Participant838,Male,White,Non-Hispanic,Widowed,27,Employed Part-Time,1838.96,Less than High School,2,Unstable Housing,False,1,0,23,0.25,0,4,5.4,Daily,2.6,1,0,Terminated
DC-100839,Demo839,Participant839,Male,White,Non-Hispanic,Single,26,Unemployed,613.37,High School/GED,1,Stable Housing,False,2,0,13,0.15,1,3,4.5,Monthly,0.5,4,1,Active
DC-100840,Demo840,Participant840,Male,Hispanic/Latino,Non-Hispanic,Divorced,44,Unemployed,789.37,High School/GED,0,Homeless,True,4,1,17,0.15,2,1,8.5,Weekly,4.2,5,1,Active
DC-100841,Demo841,Participant841,Male,Black/African American,Non-Hispanic,Divorced,38,Unemployed,254.63,Some College,2,Unstable Housing,False,1,0,15,0.04,0,7,3.8,Weekly,1.4,5,1,Pending
DC-100842,Demo842,Participant842,Male,White,Non-Hispanic,Single,18,Unemployed,931.5,Less than High School,1,Stable Housing,False,4,1,22,4.0,1,2,6.9,Daily,7.6,2,0,Active
DC-100843,Demo843,Participant843,Female,White,Non-Hispanic,Single,28,Unemployed,486.74,Some College,1,Stable Housing,False,1,0,24,0.25,0,5,4.0,Weekly,1.5,7,0,Graduated
DC-100844,Demo844,Participant844,Male,Hispanic/Latino,Non-Hispanic,Single,37,Unemployed,977.28,Less than High School,1,Homeless,False,7,1,19,0.39,5,8,7.3,Daily,0.5,6,1,Active
DC-100845,Demo845,Participant845,Male,Black/African American,Non-Hispanic,Widowed,42,Employed Full-Time,3026.83,High School/GED,2,Transitional Housing,False,2,0,15,0.07,0,4,1.0,Daily,4.3,3,0,Graduated
DC-100846,Demo846,Participant846,Male,White,Non-Hispanic,Single,27,Unemployed,292.01,High School/GED,2,Unstable Housing,False,5,0,17,0.5,3,7,5.5,Weekly,2.5,4,1,Active
DC-100847,Demo847,Participant847,Non-binary/Other,Black/African American,Non-Hispanic,Divorced,18,Unemployed,462.56,Less than High School,0,Unstable Housing,True,1,0,16,0.5,0,5,4.5,Daily,1.5,4,0,Active
DC-100848,Demo848,Participant848,Male,White,Non-Hispanic,Single,39,Employed Part-Time,828.43,Associate's,0,Stable Housing,False,4,1,15,0.17,2,10,6.4,Monthly,1.3,8,0,Terminated
DC-100849,Demo849,Participant849,Male,White,Non-Hispanic,Divorced,21,Employed Part-Time,998.35,Less than High School,0,Homeless,True,17,6,18,5.0,8,1,10.0,Monthly,0.5,7,1,Graduated
DC-100850,Demo850,Participant850,Male,White,Non-Hispanic,Single,18,Unemployed,535.2,High School/GED,2,Stable Housing,True,1,0,21,1.0,0,2,5.2,Daily,1.3,1,0,Active
DC-100851,Demo851,Participant851,Female,White,Non-Hispanic,Married,18,Disabled,700.19,Some College,3,Unstable Housing,False,8,1,20,5.0,6,5,6.2,Rarely,0.1,2,1,Active
DC-100852,Demo852,Participant852,Male,White,Non-Hispanic,Divorced,42,Employed Part-Time,1295.27,High School/GED,1,Homeless,True,2,0,18,0.08,1,1,5.0,Monthly,2.1,10,0,Active
DC-100853,Demo853,Participant853,Female,Native American,Non-Hispanic,Divorced,35,Unemployed,580.17,High School/GED,0,With Family,False,3,1,19,0.19,1,3,6.6,Weekly,6.8,1,1,Active
DC-100854,Demo854,Participant854,Male,Hispanic/Latino,Non-Hispanic,Divorced,31,Employed Full-Time,3483.5,High School/GED,2,Unstable Housing,False,2,0,18,0.15,1,4,1.3,Weekly,4.8,9,0,Active
DC-100855,Demo855,Participant855,Male,Black/African American,Non-Hispanic,Single,47,Unemployed,717.51,Some College,3,Transitional Housing,False,1,0,13,0.03,0,1,4.2,Daily,0.1,5,0,Active
DC-100856,Demo856,Participant856,Male,White,Non-Hispanic,Divorced,40,Student,573.24,Bachelor's,3,Unstable Housing,False,4,1,19,0.19,2,2,4.7,Daily,6.4,0,1,Active
DC-100857,Demo857,Participant857,Male,White,Non-Hispanic,Single,50,Unemployed,1083.09,Associate's,1,With Family,False,5,1,16,0.15,2,1,7.7,Weekly,1.8,2,1,Terminated
DC-100858,Demo858,Participant858,Male,Black/African American,Non-Hispanic,Single,20,Employed Full-Time,2738.02,High School/GED,3,Unstable Housing,False,0,0,13,0.0,0,4,2.5,Weekly,0.6,3,0,Active
DC-100859,Demo859,Participant859,Male,White,Hispanic,Married,33,Unemployed,57.51,Graduate,0,Stable Housing,False,3,0,20,0.23,1,11,5.5,Weekly,4.2,7,0,Active
DC-100860,Demo860,Participant860,Female,White,Non-Hispanic,Single,18,Employed Part-Time,1855.58,Less than High School,0,With Family,True,0,0,16,0.0,0,4,3.9,Weekly,1.2,2,0,Terminated
DC-100861,Demo861,Participant861,Male,White,Non-Hispanic,Married,31,Unemployed,703.96,Less than High School,0,Stable Housing,False,5,1,19,0.42,3,14,4.8,Rarely,0.9,2,1,Graduated
DC-100862,Demo862,Participant862,Male,Hispanic/Latino,Non-Hispanic,Widowed,31,Unemployed,297.47,Some College,2,Stable Housing,False,4,0,22,0.44,1,3,5.3,Weekly,0.5,8,1,Active
DC-100863,Demo863,Participant863,Male,White,Non-Hispanic,Single,40,Unemployed,141.08,Less than High School,0,Stable Housing,False,4,0,15,0.16,2,6,5.0,Weekly,2.0,0,0,Active
DC-100864,Demo864,Participant864,Male,White,Non-Hispanic,Divorced,34,Employed Part-Time,1330.8,Less than High School,1,Transitional Housing,False,1,0,19,0.07,0,3,4.3,Monthly,0.3,4,0,Graduated
DC-100865,Demo865,Participant865,Male,Black/African American,Non-Hispanic,Single,40,Disabled,1024.23,Less than High School,1,Stable Housing,False,1,0,11,0.03,0,16,4.1,Daily,4.6,3,0,Active
DC-100866,Demo866,Participant866,Male,White,Non-Hispanic,Single,41,Unemployed,0.0,High School/GED,0,Transitional Housing,False,1,0,25,0.06,0,3,4.0,Weekly,1.9,0,1,Graduated
DC-100867,Demo867,Participant867,Male,White,Non-Hispanic,Single,55,Employed Part-Time,2031.11,Some College,3,Unstable Housing,False,1,0,13,0.02,0,3,2.4,Monthly,1.8,0,0,Active
DC-100868,Demo868,Participant868,Female,White,Non-Hispanic,Separated,30,Unemployed,1099.26,High School/GED,0,Stable Housing,False,1,0,16,0.07,0,2,5.2,Weekly,0.0,2,1,Pending
DC-100869,Demo869,Participant869,Female,White,Non-Hispanic,Divorced,24,Unemployed,457.18,Less than High School,0,Unstable Housing,False,1,0,24,1.0,0,3,4.1,Monthly,5.1,1,0,Graduated
DC-100870,Demo870,Participant870,Male,Black/African American,Non-Hispanic,Separated,36,Unemployed,452.82,High School/GED,2,Stable Housing,False,8,3,18,0.44,4,4,6.9,Monthly,2.0,3,1,Active
DC-100871,Demo871,Participant871,Male,White,Non-Hispanic,Widowed,25,Unemployed,515.17,Associate's,0,Homeless,True,1,0,14,0.09,0,18,4.2,Daily,1.7,4,1,Active
DC-100872,Demo872,Participant872,Male,White,Non-Hispanic,Single,48,Unemployed,263.73,Some College,2,Homeless,False,4,1,21,0.15,1,1,7.8,Daily,4.3,5,1,Active
DC-100873,Demo873,Participant873,Male,Hispanic/Latino,Non-Hispanic,Single,31,Employed Full-Time,2711.43,High School/GED,2,Unstable Housing,False,11,3,21,1.1,3,2,7.6,Monthly,0.2,4,1,Active
DC-100874,Demo874,Participant874,Male,Hispanic/Latino,Non-Hispanic,Divorced,28,Unemployed,915.76,Bachelor's,4,Stable Housing,True,2,0,16,0.17,0,2,6.5,Daily,1.4,2,1,Active
DC-100875,Demo875,Participant875,Male,Hispanic/Latino,Non-Hispanic,Married,29,Unemployed,47.12,Some College,3,Homeless,False,9,2,16,0.69,4,2,9.0,Monthly,2.6,1,0,Active
DC-100876,Demo876,Participant876,Female,White,Non-Hispanic,Single,41,Employed Full-Time,2537.06,Less than High School,0,Transitional Housing,False,8,2,17,0.33,4,12,7.2,Rarely,1.9,1,0,Active
DC-100877,Demo877,Participant877,Male,White,Non-Hispanic,Single,32,Unemployed,865.97,Less than High School,1,Transitional Housing,False,0,0,18,0.0,0,9,4.0,Never,0.6,3,0,Active
DC-100878,Demo878,Participant878,Male,Other,Non-Hispanic,Married,27,Disabled,164.63,Less than High School,0,Transitional Housing,True,13,2,11,0.81,8,4,8.5,Monthly,1.1,8,1,Active
DC-100879,Demo879,Participant879,Male,Black/African American,Non-Hispanic,Married,50,Disabled,322.72,Some College,0,Stable Housing,False,7,2,18,0.22,2,9,4.6,Monthly,1.1,1,0,Graduated
DC-100880,Demo880,Participant880,Male,White,Non-Hispanic,Single,25,Employed Part-Time,1154.57,Less than High School,0,With Family,False,2,0,26,2.0,1,2,4.0,Daily,14.5,3,1,Active
DC-100881,Demo881,Participant881,Male,White,Non-Hispanic,Single,34,Employed Full-Time,1325.18,High School/GED,0,Stable Housing,False,1,0,15,0.05,0,1,2.6,Monthly,1.2,5,1,Pending
DC-100882,Demo882,Participant882,Male,White,Non-Hispanic,Married,40,Unemployed,414.81,Less than High School,3,Stable Housing,False,3,0,16,0.12,0,11,5.1,Monthly,0.7,5,0,Terminated
DC-100883,Demo883,Participant883,Male,Hispanic/Latino,Hispanic,Married,18,Employed Full-Time,2924.97,Associate's,0,Transitional Housing,False,7,1,14,1.75,5,0,6.2,Weekly,5.2,9,1,Pending
DC-100884,Demo884,Participant884,Female,White,Non-Hispanic,Single,38,Disabled,961.96,High School/GED,1,With Family,False,2,0,21,0.12,0,10,4.1,Monthly,1.6,1,0,Pending
DC-100885,Demo885,Participant885,Male,White,Non-Hispanic,Divorced,23,Employed Full-Time,1763.2,Associate's,1,Homeless,False,10,2,23,5.0,5,4,10.0,Weekly,1.8,0,1,Active
DC-100886,Demo886,Participant886,Male,White,Non-Hispanic,Single,42,Employed Part-Time,2048.4,Associate's,1,Stable Housing,True,3,0,23,0.16,1,6,3.7,Weekly,2.4,2,1,Active
DC-100887,Demo887,Participant887,Male,Black/African American,Non-Hispanic,Single,24,Unemployed,475.97,Less than High School,4,Stable Housing,True,3,0,14,0.3,1,14,4.5,Rarely,2.7,1,0,Active
DC-100888,Demo888,Participant888,Male,Hispanic/Latino,Hispanic,Divorced,40,Employed Part-Time,245.95,High School/GED,0,Unstable Housing,True,3,0,20,0.15,1,3,2.5,Weekly,2.7,4,1,Active
DC-100889,Demo889,Participant889,Male,White,Non-Hispanic,Married,45,Unemployed,543.42,Less than High School,1,With Family,False,0,0,24,0.0,0,8,3.6,Never,0.1,7,0,Active
DC-100890,Demo890,Participant890,Female,Black/African American,Non-Hispanic,Single,42,Unemployed,881.69,Associate's,1,Stable Housing,False,5,1,21,0.24,1,6,6.7,Monthly,5.1,5,0,Graduated
DC-100891,Demo891,Participant891,Female,Native American,Non-Hispanic,Divorced,36,Employed Full-Time,3190.0,High School/GED,0,Transitional Housing,False,8,2,20,0.5,5,10,6.7,Monthly,0.7,1,1,Active
DC-100892,Demo892,Participant892,Female,White,Non-Hispanic,Married,31,Employed Part-Time,0.0,Less than High School,1,Stable Housing,False,11,4,17,0.79,4,5,9.8,Weekly,1.0,0,1,Active
DC-100893,Demo893,Participant893,Male,White,Non-Hispanic,Divorced,28,Unemployed,654.26,Less than High School,2,Transitional Housing,False,1,0,19,0.11,0,3,4.0,Weekly,0.6,8,1,Active
DC-100894,Demo894,Participant894,Male,White,Hispanic,Divorced,48,Employed Full-Time,1753.12,High School/GED,0,With Family,False,0,0,23,0.0,0,0,1.7,Weekly,4.4,3,0,Pending
DC-100895,Demo895,Participant895,Male,Black/African American,Non-Hispanic,Married,27,Unemployed,411.89,Associate's,0,Unstable Housing,True,1,0,20,0.14,0,3,4.5,Weekly,2.6,8,0,Active
DC-100896,Demo896,Participant896,Male,Black/African American,Non-Hispanic,Married,23,Unemployed,69.58,Some College,0,Stable Housing,True,3,1,14,0.33,1,6,5.3,Weekly,4.2,5,0,Terminated
DC-100897,Demo897,Participant897,Female,Black/African American,Non-Hispanic,Single,40,Unemployed,605.86,Some College,2,Transitional Housing,False,4,0,17,0.17,1,2,5.5,Monthly,3.2,10,0,Active
DC-100898,Demo898,Participant898,Male,Black/African American,Non-Hispanic,Single,26,Disabled,584.17,High School/GED,2,Unstable Housing,False,1,0,23,0.33,0,7,2.8,Daily,0.3,7,0,Graduated
DC-100899,Demo899,Participant899,Male,White,Non-Hispanic,Single,24,Disabled,796.04,Less than High School,1,Homeless,False,1,0,20,0.25,0,5,4.2,Daily,1.1,3,1,Active
DC-100900,Demo900,Participant900,Male,Hispanic/Latino,Non-Hispanic,Married,19,Disabled,620.67,Bachelor's,1,Homeless,False,0,0,19,0.0,0,5,4.7,Weekly,2.1,6,0,Active
DC-100901,Demo901,Participant901,Male,White,Hispanic,Married,29,Employed Part-Time,1514.14,Less than High School,3,Stable Housing,False,1,0,16,0.08,0,4,3.2,Never,1.1,3,0,Pending
DC-100902,Demo902,Participant902,Male,White,Non-Hispanic,Single,33,Employed Full-Time,3070.18,Associate's,2,Transitional Housing,False,5,1,23,0.5,3,0,7.2,Weekly,0.7,1,0,Active
DC-100903,Demo903,Participant903,Male,Black/African American,Non-Hispanic,Single,36,Employed Part-Time,1994.15,High School/GED,2,Stable Housing,False,5,0,25,0.45,1,2,5.8,Rarely,6.1,1,0,Active
DC-100904,Demo904,Participant904,Male,Black/African American,Non-Hispanic,Married,43,Disabled,760.92,Less than High School,2,With Family,True,5,1,24,0.26,2,2,6.0,Weekly,4.1,2,1,Active
DC-100905,Demo905,Participant905,Female,White,Non-Hispanic,Single,39,Student,98.66,Some College,2,Stable Housing,False,2,0,24,0.13,0,7,3.6,Rarely,1.3,0,0,Graduated
DC-100906,Demo906,Participant906,Female,Hispanic/Latino,Non-Hispanic,Divorced,32,Unemployed,348.49,Bachelor's,1,Transitional Housing,False,0,0,17,0.0,0,5,1.8,Weekly,4.3,1,0,Pending
DC-100907,Demo907,Participant907,Male,Hispanic/Latino,Non-Hispanic,Single,32,Employed Full-Time,2619.39,Bachelor's,3,Stable Housing,False,5,0,16,0.31,3,5,4.2,Rarely,3.0,3,0,Graduated
DC-100908,Demo908,Participant908,Male,White,Non-Hispanic,Married,39,Disabled,834.58,Less than High School,3,Stable Housing,True,2,0,18,0.1,0,5,3.2,Daily,0.0,9,1,Active
DC-100909,Demo909,Participant909,Male,Other,Non-Hispanic,Separated,46,Unemployed,580.38,Less than High School,0,Stable Housing,False,0,0,19,0.0,0,7,3.5,Rarely,1.4,4,0,Active
DC-100910,Demo910,Participant910,Male,White,Non-Hispanic,Single,35,Employed Full-Time,4109.75,High School/GED,0,Transitional Housing,False,6,1,24,0.55,4,3,5.9,Weekly,1.0,3,1,Active
DC-100911,Demo911,Participant911,Male,White,Non-Hispanic,Single,29,Unemployed,267.98,High School/GED,4,Unstable Housing,False,2,0,23,0.33,0,4,5.3,Daily,0.7,1,0,Active
DC-100912,Demo912,Participant912,Male,White,Non-Hispanic,Single,24,Employed Full-Time,4508.86,Some College,0,With Family,True,0,0,21,0.0,0,3,3.3,Monthly,0.9,1,0,Active
DC-100913,Demo913,Participant913,Male,Hispanic/Latino,Non-Hispanic,Married,19,Unemployed,370.96,Less than High School,3,Stable Housing,True,3,0,13,0.5,0,3,6.2,Daily,8.6,5,1,Graduated
DC-100914,Demo914,Participant914,Male,Black/African American,Non-Hispanic,Married,40,Employed Part-Time,948.31,Bachelor's,1,Homeless,False,2,0,12,0.07,1,2,5.0,Monthly,2.0,7,0,Active
DC-100915,Demo915,Participant915,Male,White,Non-Hispanic,Single,39,Unemployed,302.67,High School/GED,0,Transitional Housing,False,0,0,19,0.0,0,3,4.1,Daily,5.6,2,0,Active
DC-100916,Demo916,Participant916,Male,White,Non-Hispanic,Married,39,Unemployed,998.94,Some College,0,Stable Housing,True,1,0,22,0.06,0,16,4.5,Daily,0.7,4,0,Active
DC-100917,Demo917,Participant917,Female,Black/African American,Non-Hispanic,Separated,32,Unemployed,97.33,High School/GED,0,Unstable Housing,False,0,0,18,0.0,0,6,4.0,Rarely,0.6,5,0,Active
DC-100918,Demo918,Participant918,Female,White,Non-Hispanic,Single,48,Unemployed,358.04,High School/GED,0,Unstable Housing,True,1,0,26,0.05,0,7,5.5,Daily,6.6,0,1,Active
DC-100919,Demo919,Participant919,Male,Hispanic/Latino,Non-Hispanic,Single,29,Unemployed,1103.16,Bachelor's,1,Stable Housing,False,10,3,14,0.67,5,2,10.0,Rarely,2.1,2,1,Active
DC-100920,Demo920,Participant920,Female,Hispanic/Latino,Non-Hispanic,Divorced,43,Unemployed,469.46,High School/GED,2,Stable Housing,False,9,0,14,0.31,6,8,6.1,Monthly,6.8,5,0,Active
DC-100921,Demo921,Participant921,Male,White,Non-Hispanic,Married,33,Disabled,205.54,Some College,5,Homeless,False,3,1,16,0.18,1,4,6.1,Rarely,0.2,5,1,Active
DC-100922,Demo922,Participant922,Female,Native American,Non-Hispanic,Separated,27,Employed Full-Time,2815.64,Bachelor's,1,Stable Housing,False,4,1,16,0.36,2,2,5.1,Rarely,7.4,0,0,Active
DC-100923,Demo923,Participant923,Female,White,Non-Hispanic,Married,39,Unemployed,457.38,Some College,1,Homeless,False,0,0,21,0.0,0,14,7.5,Weekly,1.6,1,1,Active
DC-100924,Demo924,Participant924,Male,Other,Non-Hispanic,Divorced,38,Employed Part-Time,1231.62,High School/GED,1,With Family,False,3,0,17,0.14,1,2,3.9,Weekly,0.5,5,1,Graduated
DC-100925,Demo925,Participant925,Male,Black/African American,Non-Hispanic,Single,37,Employed Full-Time,2595.12,Less than High School,1,Unstable Housing,False,3,0,12,0.12,1,6,3.2,Daily,3.5,2,0,Active
DC-100926,Demo926,Participant926,Male,Black/African American,Non-Hispanic,Divorced,34,Unemployed,1430.51,Less than High School,1,Homeless,False,4,0,22,0.33,3,3,7.3,Monthly,4.8,6,0,Active
DC-100927,Demo927,Participant927,Male,White,Non-Hispanic,Separated,33,Unemployed,524.53,Less than High School,0,Stable Housing,False,3,0,11,0.14,1,2,5.5,Daily,0.1,0,1,Active
DC-100928,Demo928,Participant928,Male,Hispanic/Latino,Non-Hispanic,Married,57,Employed Full-Time,2221.92,Less than High School,0,Transitional Housing,False,4,1,14,0.09,2,4,5.0,Never,13.1,1,1,Graduated
DC-100929,Demo929,Participant929,Male,White,Non-Hispanic,Single,45,Unemployed,1048.11,Less than High School,0,Stable Housing,True,2,0,12,0.06,0,4,4.4,Never,3.6,2,1,Active
DC-100930,Demo930,Participant930,Male,White,Non-Hispanic,Single,41,Unemployed,783.32,High School/GED,0,Homeless,True,0,0,19,0.0,0,11,6.2,Weekly,1.2,8,0,Terminated
DC-100931,Demo931,Participant931,Female,White,Non-Hispanic,Single,35,Disabled,370.06,High School/GED,2,With Family,False,3,1,19,0.19,1,0,3.8,Daily,0.5,6,0,Pending
DC-100932,Demo932,Participant932,Non-binary/Other,Black/African American,Non-Hispanic,Single,44,Employed Part-Time,847.43,High School/GED,0,Unstable Housing,False,3,0,26,0.17,1,3,3.9,Daily,1.5,7,0,Active
DC-100933,Demo933,Participant933,Male,White,Non-Hispanic,Single,39,Disabled,802.04,Less than High School,3,Transitional Housing,True,7,1,22,0.41,5,3,5.8,Weekly,0.7,3,0,Graduated
DC-100934,Demo934,Participant934,Male,Black/African American,Hispanic,Married,34,Employed Part-Time,1665.76,Less than High School,3,Unstable Housing,False,2,0,24,0.2,0,8,4.9,Monthly,2.0,6,0,Active
DC-100935,Demo935,Participant935,Male,Hispanic/Latino,Non-Hispanic,Married,30,Unemployed,22.21,Some College,4,Stable Housing,False,4,0,20,0.4,2,3,5.7,Never,4.6,7,0,Active
DC-100936,Demo936,Participant936,Male,White,Hispanic,Single,33,Employed Full-Time,2431.41,High School/GED,4,Transitional Housing,False,0,0,15,0.0,0,1,1.9,Weekly,3.2,2,0,Active
DC-100937,Demo937,Participant937,Female,Black/African American,Non-Hispanic,Married,18,Employed Full-Time,1874.36,High School/GED,0,Stable Housing,True,1,0,19,1.0,0,7,2.4,Weekly,1.7,10,0,Terminated
DC-100938,Demo938,Participant938,Male,White,Non-Hispanic,Single,36,Unemployed,1048.67,High School/GED,1,Homeless,False,1,0,21,0.07,0,1,7.6,Monthly,0.4,7,1,Graduated
DC-100939,Demo939,Participant939,Male,Hispanic/Latino,Non-Hispanic,Single,29,Unemployed,983.53,Some College,0,Stable Housing,False,14,3,21,1.75,9,2,10.0,Weekly,9.5,9,1,Active
DC-100940,Demo940,Participant940,Male,Hispanic/Latino,Hispanic,Single,49,Employed Part-Time,952.65,High School/GED,2,Transitional Housing,False,2,0,17,0.06,0,2,4.6,Weekly,0.9,7,0,Active
DC-100941,Demo941,Participant941,Male,White,Non-Hispanic,Married,34,Employed Full-Time,2481.36,High School/GED,3,Stable Housing,False,0,0,20,0.0,0,4,3.0,Weekly,1.0,6,0,Active
DC-100942,Demo942,Participant942,Male,Black/African American,Non-Hispanic,Single,22,Unemployed,404.57,Bachelor's,3,Unstable Housing,False,1,0,15,0.14,0,6,5.7,Monthly,3.1,8,0,Active
DC-100943,Demo943,Participant943,Female,White,Non-Hispanic,Single,33,Employed Full-Time,2170.84,Some College,1,Unstable Housing,False,2,0,14,0.11,1,1,2.7,Weekly,4.4,3,0,Terminated
DC-100944,Demo944,Participant944,Male,White,Non-Hispanic,Single,23,Unemployed,472.62,High School/GED,2,Unstable Housing,False,3,1,14,0.33,1,7,6.3,Rarely,12.4,6,1,Active
DC-100945,Demo945,Participant945,Male,Hispanic/Latino,Non-Hispanic,Divorced,38,Employed Full-Time,2286.56,High School/GED,0,Stable Housing,False,0,0,19,0.0,0,5,2.6,Rarely,10.4,1,0,Active
DC-100946,Demo946,Participant946,Male,White,Non-Hispanic,Single,36,Employed Full-Time,2589.42,Less than High School,0,Unstable Housing,False,3,0,14,0.14,1,20,4.0,Daily,7.4,5,0,Active
DC-100947,Demo947,Participant947,Female,White,Non-Hispanic,Married,43,Employed Part-Time,1733.69,High School/GED,2,Stable Housing,False,2,0,17,0.08,0,3,4.5,Weekly,1.7,6,0,Pending
DC-100948,Demo948,Participant948,Female,White,Non-Hispanic,Divorced,26,Unemployed,943.07,Bachelor's,1,Unstable Housing,True,4,0,22,1.0,1,5,5.3,Daily,0.5,5,0,Graduated
DC-100949,Demo949,Participant949,Male,Hispanic/Latino,Non-Hispanic,Divorced,34,Employed Part-Time,1655.26,High School/GED,5,Stable Housing,False,2,0,14,0.1,1,5,3.4,Rarely,2.6,7,0,Active
DC-100950,Demo950,Participant950,Male,White,Non-Hispanic,Separated,20,Employed Part-Time,988.43,Associate's,0,Unstable Housing,True,4,0,16,1.0,1,15,4.1,Daily,0.1,3,1,Active
DC-100951,Demo951,Participant951,Male,White,Non-Hispanic,Single,41,Student,810.61,High School/GED,3,Stable Housing,True,4,0,19,0.18,2,6,2.6,Rarely,0.7,4,0,Active
DC-100952,Demo952,Participant952,Male,Black/African American,Hispanic,Single,39,Unemployed,659.3,Graduate,1,With Family,False,4,0,19,0.2,1,11,6.2,Daily,0.0,0,1,Pending
DC-100953,Demo953,Participant953,Female,Hispanic/Latino,Non-Hispanic,Separated,38,Employed Full-Time,2229.59,High School/GED,2,Unstable Housing,False,2,0,17,0.1,1,4,2.8,Monthly,0.6,1,0,Active
DC-100954,Demo954,Participant954,Male,White,Non-Hispanic,Single,34,Unemployed,728.51,Less than High School,2,Stable Housing,False,2,0,22,0.17,1,7,6.5,Rarely,1.9,5,1,Active
DC-100955,Demo955,Participant955,Male,White,Non-Hispanic,Married,38,Unemployed,717.55,High School/GED,3,Unstable Housing,False,5,1,21,0.29,1,2,6.0,Monthly,1.5,4,1,Active
DC-100956,Demo956,Participant956,Male,White,Non-Hispanic,Divorced,50,Employed Part-Time,1376.14,Less than High School,0,Transitional Housing,False,0,0,23,0.0,0,2,4.3,Rarely,1.4,1,0,Active
DC-100957,Demo957,Participant957,Male,White,Non-Hispanic,Divorced,31,Employed Full-Time,2732.27,Less than High School,4,Stable Housing,True,1,0,18,0.08,0,9,1.6,Weekly,5.3,1,0,Active
DC-100958,Demo958,Participant958,Male,White,Non-Hispanic,Separated,35,Unemployed,398.28,Some College,0,Homeless,True,1,0,16,0.05,0,4,6.4,Daily,3.4,2,1,Active
DC-100959,Demo959,Participant959,Female,Black/African American,Non-Hispanic,Widowed,23,Unemployed,700.95,Less than High School,0,Unstable Housing,True,1,0,16,0.14,0,3,5.2,Monthly,8.3,5,1,Active
DC-100960,Demo960,Participant960,Male,Black/African American,Non-Hispanic,Divorced,25,Unemployed,129.91,Some College,1,Stable Housing,False,1,0,20,0.2,0,2,5.5,Weekly,1.8,4,0,Active
DC-100961,Demo961,Participant961,Male,Black/African American,Non-Hispanic,Single,34,Employed Full-Time,3114.88,High School/GED,2,Transitional Housing,True,0,0,17,0.0,0,5,1.5,Daily,1.0,0,0,Active
DC-100962,Demo962,Participant962,Male,White,Non-Hispanic,Divorced,45,Employed Full-Time,2304.71,Less than High School,1,Stable Housing,False,3,0,16,0.1,1,3,3.5,Weekly,0.4,6,0,Active
DC-100963,Demo963,Participant963,Male,Hispanic/Latino,Non-Hispanic,Single,31,Unemployed,301.54,Bachelor's,2,Stable Housing,False,4,0,17,0.29,1,8,6.0,Monthly,3.3,2,1,Terminated
DC-100964,Demo964,Participant964,Male,White,Hispanic,Single,31,Employed Full-Time,2295.85,High School/GED,2,Transitional Housing,True,5,1,16,0.33,2,1,5.6,Daily,5.5,5,0,Active
DC-100965,Demo965,Participant965,Male,Other,Non-Hispanic,Separated,29,Unemployed,387.0,High School/GED,0,Homeless,True,3,0,19,0.3,1,1,6.8,Rarely,0.6,1,1,Active
DC-100966,Demo966,Participant966,Female,Black/African American,Non-Hispanic,Single,28,Unemployed,639.0,High School/GED,4,With Family,False,0,0,13,0.0,0,8,3.4,Weekly,6.3,10,1,Graduated
DC-100967,Demo967,Participant967,Male,White,Non-Hispanic,Single,36,Employed Part-Time,1266.59,High School/GED,0,Homeless,False,0,0,20,0.0,0,2,6.1,Daily,2.2,0,1,Terminated
DC-100968,Demo968,Participant968,Male,Black/African American,Non-Hispanic,Single,19,Disabled,726.37,Associate's,3,Transitional Housing,False,2,0,21,2.0,1,10,6.4,Never,0.5,6,0,Active
DC-100969,Demo969,Participant969,Male,White,Non-Hispanic,Divorced,46,Unemployed,854.05,Some College,0,Transitional Housing,False,4,0,16,0.13,1,5,5.5,Weekly,3.1,4,1,Active
DC-100970,Demo970,Participant970,Male,Black/African American,Non-Hispanic,Married,27,Unemployed,760.3,High School/GED,1,Stable Housing,False,1,0,26,1.0,0,10,4.7,Monthly,2.2,0,1,Graduated
DC-100971,Demo971,Participant971,Female,White,Non-Hispanic,Divorced,41,Employed Full-Time,2473.67,Some College,1,Transitional Housing,False,7,2,19,0.32,2,1,6.9,Rarely,0.1,0,0,Active
DC-100972,Demo972,Participant972,Female,White,Non-Hispanic,Single,21,Employed Full-Time,2542.96,Less than High School,0,Homeless,False,1,0,12,0.11,0,8,6.2,Monthly,1.5,2,1,Pending
DC-100973,Demo973,Participant973,Male,Hispanic/Latino,Non-Hispanic,Divorced,40,Unemployed,881.21,High School/GED,0,Stable Housing,False,0,0,17,0.0,0,2,4.6,Daily,4.6,6,1,Terminated
DC-100974,Demo974,Participant974,Male,White,Non-Hispanic,Divorced,40,Employed Full-Time,1985.16,Bachelor's,0,Unstable Housing,False,3,1,19,0.14,2,4,3.6,Daily,2.4,0,0,Active
DC-100975,Demo975,Participant975,Male,Hispanic/Latino,Non-Hispanic,Single,37,Student,711.85,High School/GED,0,Stable Housing,False,6,1,20,0.35,2,2,5.3,Monthly,1.0,5,0,Active
DC-100976,Demo976,Participant976,Male,White,Non-Hispanic,Single,24,Employed Full-Time,2198.27,Some College,0,Transitional Housing,False,6,1,17,0.86,2,4,4.9,Rarely,7.9,5,0,Active
DC-100977,Demo977,Participant977,Male,Black/African American,Non-Hispanic,Single,36,Unemployed,909.72,High School/GED,1,Unstable Housing,False,3,0,14,0.14,1,2,7.7,Monthly,0.8,2,0,Pending
DC-100978,Demo978,Participant978,Male,Black/African American,Non-Hispanic,Widowed,22,Employed Part-Time,814.64,Some College,2,With Family,True,2,0,14,0.25,1,5,4.4,Weekly,0.9,0,0,Graduated
DC-100979,Demo979,Participant979,Male,White,Non-Hispanic,Married,31,Unemployed,314.09,Associate's,1,Stable Housing,False,8,0,16,0.53,6,0,6.4,Daily,1.3,8,1,Active
DC-100980,Demo980,Participant980,Male,White,Non-Hispanic,Separated,44,Employed Full-Time,2319.42,Less than High School,3,Homeless,False,2,0,16,0.07,0,4,4.6,Daily,6.7,2,0,Active
DC-100981,Demo981,Participant981,Female,White,Non-Hispanic,Single,41,Unemployed,574.13,Less than High School,2,Stable Housing,False,0,0,14,0.0,0,0,4.6,Daily,2.1,0,0,Active
DC-100982,Demo982,Participant982,Male,White,Non-Hispanic,Divorced,34,Employed Part-Time,844.46,High School/GED,2,Homeless,True,6,1,16,0.33,3,4,8.3,Weekly,3.4,5,1,Pending
DC-100983,Demo983,Participant983,Male,White,Non-Hispanic,Divorced,24,Disabled,139.04,Some College,2,Transitional Housing,False,1,0,21,0.33,0,6,4.2,Rarely,11.2,1,0,Graduated
DC-100984,Demo984,Participant984,Female,Black/African American,Non-Hispanic,Divorced,40,Employed Full-Time,2038.11,Less than High School,1,Transitional Housing,True,2,0,25,0.13,0,0,3.4,Never,4.6,3,0,Active
DC-100985,Demo985,Participant985,Male,Native American,Non-Hispanic,Separated,34,Disabled,300.82,Less than High School,2,Transitional Housing,True,3,0,22,0.25,2,2,4.5,Weekly,0.6,0,0,Active
DC-100986,Demo986,Participant986,Female,Hispanic/Latino,Non-Hispanic,Single,18,Unemployed,460.84,High School/GED,0,Transitional Housing,False,7,1,24,5.0,3,9,7.2,Weekly,4.7,10,1,Active
DC-100987,Demo987,Participant987,Male,Black/African American,Non-Hispanic,Single,41,Employed Part-Time,1204.22,Bachelor's,3,Stable Housing,False,7,1,22,0.37,2,6,5.4,Daily,4.1,3,1,Terminated
DC-100988,Demo988,Participant988,Male,Black/African American,Non-Hispanic,Divorced,33,Unemployed,465.33,Some College,2,Stable Housing,False,10,3,22,0.91,4,3,8.4,Monthly,0.8,10,1,Active
DC-100989,Demo989,Participant989,Female,Black/African American,Non-Hispanic,Divorced,46,Employed Full-Time,2358.41,High School/GED,0,Homeless,False,3,0,17,0.1,1,3,6.1,Never,1.2,2,0,Graduated
DC-100990,Demo990,Participant990,Female,White,Non-Hispanic,Married,23,Student,629.03,Less than High School,2,Unstable Housing,False,1,0,19,0.25,0,1,3.6,Weekly,3.7,2,0,Active
DC-100991,Demo991,Participant991,Female,Hispanic/Latino,Hispanic,Single,18,Unemployed,115.58,High School/GED,0,Stable Housing,False,1,0,17,1.0,0,6,4.8,Daily,0.8,8,0,Active
DC-100992,Demo992,Participant992,Male,Black/African American,Hispanic,Married,36,Employed Part-Time,1066.61,Less than High School,0,Unstable Housing,False,7,1,18,0.39,3,5,7.1,Daily,0.7,2,1,Graduated
DC-100993,Demo993,Participant993,Male,Black/African American,Non-Hispanic,Single,36,Employed Part-Time,1554.1,Less than High School,0,Unstable Housing,True,2,0,19,0.12,0,5,5.3,Never,3.6,3,1,Terminated
DC-100994,Demo994,Participant994,Male,White,Hispanic,Single,18,Employed Full-Time,2814.76,Associate's,2,Unstable Housing,False,4,0,21,4.0,1,2,3.8,Daily,6.4,0,1,Active
DC-100995,Demo995,Participant995,Male,White,Hispanic,Married,24,Student,922.36,Graduate,2,Transitional Housing,False,0,0,20,0.0,0,9,3.6,Weekly,0.2,9,0,Active
DC-100996,Demo996,Participant996,Female,White,Non-Hispanic,Divorced,61,Employed Full-Time,2752.91,Less than High School,2,Unstable Housing,False,0,0,18,0.0,0,8,3.7,Monthly,1.8,0,0,Active
DC-100997,Demo997,Participant997,Male,Hispanic/Latino,Non-Hispanic,Single,30,Unemployed,782.03,Less than High School,0,Stable Housing,False,1,0,19,0.09,0,2,3.9,Monthly,2.8,6,0,Graduated
DC-100998,Demo998,Participant998,Female,White,Non-Hispanic,Single,41,Unemployed,1023.21,High School/GED,1,Stable Housing,False,0,0,20,0.0,0,2,3.9,Weekly,3.4,4,0,Active
DC-100999,Demo999,Participant999,Male,White,Non-Hispanic,Single,27,Disabled,507.09,High School/GED,2,Transitional Housing,True,4,1,21,0.67,1,4,4.8,Weekly,15.0,0,1,Active
DC-101000,Demo1000,Participant1000,Male,Other,Non-Hispanic,Single,18,Employed Part-Time,1312.48,Less than High School,0,With Family,False,3,0,12,0.5,1,1,6.3,Weekly,3.4,0,0,Active
DC-101001,Demo1001,Participant1001,Male,White,Non-Hispanic,Divorced,32,Unemployed,861.51,High School/GED,2,Homeless,True,8,2,14,0.44,3,5,9.6,Weekly,2.9,8,1,Terminated
DC-101002,Demo1002,Participant1002,Female,White,Hispanic,Separated,31,Unemployed,752.85,Less than High School,0,Stable Housing,True,1,0,23,0.12,0,1,4.7,Rarely,13.7,6,0,Terminated
DC-101003,Demo1003,Participant1003,Female,White,Non-Hispanic,Single,30,Unemployed,543.8,Some College,0,With Family,False,0,0,18,0.0,0,2,3.5,Monthly,0.2,5,0,Active
DC-101004,Demo1004,Participant1004,Female,Black/African American,Non-Hispanic,Divorced,32,Employed Full-Time,3812.59,Some College,1,Homeless,False,3,0,17,0.2,1,7,5.2,Daily,0.2,3,0,Pending
DC-101005,Demo1005,Participant1005,Male,Hispanic/Latino,Non-Hispanic,Separated,36,Employed Full-Time,2478.1,High School/GED,2,Transitional Housing,True,3,0,17,0.16,1,1,2.9,Weekly,2.5,1,1,Active
DC-101006,Demo1006,Participant1006,Female,White,Non-Hispanic,Divorced,32,Employed Full-Time,2499.26,High School/GED,0,Transitional Housing,False,0,0,17,0.0,0,1,4.1,Weekly,1.3,5,0,Active
DC-101007,Demo1007,Participant1007,Female,Hispanic/Latino,Hispanic,Single,21,Unemployed,606.37,Associate's,0,Stable Housing,False,1,0,21,1.0,0,4,5.0,Rarely,0.3,4,1,Graduated
DC-101008,Demo1008,Participant1008,Male,White,Non-Hispanic,Separated,38,Employed Full-Time,2499.71,Bachelor's,0,Unstable Housing,False,7,2,14,0.29,4,2,6.5,Never,1.1,5,0,Active
DC-101009,Demo1009,Participant1009,Male,Hispanic/Latino,Non-Hispanic,Single,18,Unemployed,623.28,Less than High School,0,Stable Housing,False,1,0,19,1.0,0,16,3.3,Monthly,3.4,2,0,Pending
DC-101010,Demo1010,Participant1010,Male,Black/African American,Non-Hispanic,Single,18,Employed Full-Time,3709.99,Less than High School,0,Stable Housing,False,1,0,19,1.0,0,6,3.6,Never,6.4,10,0,Active
DC-101011,Demo1011,Participant1011,Non-binary/Other,Hispanic/Latino,Non-Hispanic,Single,41,Unemployed,733.49,High School/GED,1,Transitional Housing,False,0,0,20,0.0,0,2,3.3,Weekly,0.3,0,1,Active
DC-101012,Demo1012,Participant1012,Female,White,Non-Hispanic,Married,39,Disabled,609.32,Less than High School,2,With Family,False,0,0,19,0.0,0,8,2.8,Daily,2.3,0,1,Active
DC-101013,Demo1013,Participant1013,Male,Native American,Non-Hispanic,Single,33,Unemployed,551.47,High School/GED,1,Transitional Housing,False,3,0,21,0.25,1,4,3.7,Monthly,1.1,8,1,Active
DC-101014,Demo1014,Participant1014,Female,Black/African American,Non-Hispanic,Single,20,Employed Part-Time,1451.07,High School/GED,2,Unstable Housing,False,1,0,16,0.25,0,4,3.6,Daily,3.3,5,1,Active
DC-101015,Demo1015,Participant1015,Female,White,Non-Hispanic,Single,26,Employed Part-Time,1865.86,High School/GED,2,Stable Housing,False,3,0,15,0.27,1,0,4.4,Weekly,2.4,2,1,Active
DC-101016,Demo1016,Participant1016,Male,Hispanic/Latino,Non-Hispanic,Divorced,31,Employed Full-Time,2542.55,High School/GED,0,Stable Housing,True,8,1,28,2.67,3,3,7.8,Rarely,7.8,6,1,Active
DC-101017,Demo1017,Participant1017,Male,White,Non-Hispanic,Divorced,18,Employed Part-Time,976.48,High School/GED,0,Stable Housing,True,3,0,17,3.0,1,1,4.0,Weekly,0.1,3,1,Terminated
DC-101018,Demo1018,Participant1018,Female,Hispanic/Latino,Non-Hispanic,Single,26,Unemployed,697.43,Bachelor's,3,Unstable Housing,False,1,0,18,0.12,0,0,3.9,Rarely,1.9,0,0,Active
DC-101019,Demo1019,Participant1019,Male,White,Non-Hispanic,Divorced,40,Unemployed,743.98,Less than High School,0,Homeless,False,3,1,21,0.16,2,1,5.4,Weekly,0.6,5,1,Terminated
DC-101020,Demo1020,Participant1020,Female,Black/African American,Non-Hispanic,Divorced,48,Disabled,297.84,High School/GED,0,Stable Housing,False,2,0,25,0.09,1,4,4.9,Rarely,2.3,1,0,Active
DC-101021,Demo1021,Participant1021,Male,White,Non-Hispanic,Divorced,29,Employed Part-Time,592.04,Less than High School,0,With Family,False,0,0,16,0.0,0,5,3.9,Monthly,5.8,0,0,Active
DC-101022,Demo1022,Participant1022,Female,White,Non-Hispanic,Single,41,Unemployed,0.0,Less than High School,1,Stable Housing,False,0,0,15,0.0,0,1,3.8,Weekly,7.3,1,0,Active
DC-101023,Demo1023,Participant1023,Female,White,Non-Hispanic,Divorced,18,Unemployed,744.76,High School/GED,1,Transitional Housing,False,0,0,14,0.0,0,2,2.5,Never,1.5,3,1,Active
DC-101024,Demo1024,Participant1024,Female,White,Non-Hispanic,Separated,40,Unemployed,798.1,Less than High School,5,Unstable Housing,False,3,1,25,0.2,1,5,4.3,Rarely,5.0,0,1,Graduated
DC-101025,Demo1025,Participant1025,Male,White,Non-Hispanic,Divorced,25,Employed Part-Time,785.62,Less than High School,3,Stable Housing,False,0,0,14,0.0,0,4,2.5,Monthly,1.0,7,1,Pending
DC-101026,Demo1026,Participant1026,Female,White,Non-Hispanic,Single,37,Unemployed,481.49,Less than High School,1,Transitional Housing,True,3,0,18,0.16,2,2,6.0,Weekly,0.0,4,1,Active
DC-101027,Demo1027,Participant1027,Female,Black/African American,Non-Hispanic,Married,31,Unemployed,692.71,High School/GED,0,Homeless,True,2,0,15,0.12,1,6,6.4,Daily,5.8,2,1,Active
DC-101028,Demo1028,Participant1028,Male,White,Non-Hispanic,Married,47,Unemployed,1027.19,Some College,0,Unstable Housing,False,1,0,13,0.03,0,7,2.7,Rarely,0.4,5,0,Active
DC-101029,Demo1029,Participant1029,Female,White,Non-Hispanic,Married,25,Disabled,1024.13,Less than High School,0,Unstable Housing,False,1,0,17,0.12,0,4,3.8,Monthly,0.1,6,0,Pending
DC-101030,Demo1030,Participant1030,Male,Black/African American,Non-Hispanic,Single,40,Employed Part-Time,1516.3,Some College,0,Stable Housing,False,9,2,15,0.36,3,12,6.8,Weekly,1.3,4,0,Terminated
DC-101031,Demo1031,Participant1031,Male,White,Hispanic,Single,31,Employed Full-Time,2560.5,Less than High School,0,Homeless,True,3,0,16,0.2,1,2,5.2,Monthly,1.4,1,1,Active
DC-101032,Demo1032,Participant1032,Male,Hispanic/Latino,Non-Hispanic,Divorced,32,Unemployed,933.27,High School/GED,0,With Family,True,12,4,27,2.4,4,6,10.0,Weekly,0.2,0,1,Active
DC-101033,Demo1033,Participant1033,Male,Hispanic/Latino,Non-Hispanic,Divorced,32,Unemployed,149.76,High School/GED,0,Stable Housing,False,1,0,20,0.08,0,4,5.0,Monthly,5.0,7,0,Active
DC-101034,Demo1034,Participant1034,Male,Black/African American,Non-Hispanic,Single,25,Employed Full-Time,2395.08,High School/GED,0,Stable Housing,False,4,0,22,1.33,2,0,5.7,Daily,1.6,1,1,Graduated
DC-101035,Demo1035,Participant1035,Female,Black/African American,Non-Hispanic,Separated,33,Unemployed,1000.67,Graduate,4,With Family,False,0,0,22,0.0,0,1,3.8,Weekly,2.0,0,0,Terminated
DC-101036,Demo1036,Participant1036,Male,Hispanic/Latino,Non-Hispanic,Single,33,Student,892.56,Associate's,1,Stable Housing,False,4,0,18,0.27,1,15,5.5,Rarely,0.9,5,0,Pending
DC-101037,Demo1037,Participant1037,Female,White,Non-Hispanic,Divorced,36,Disabled,710.78,Less than High School,5,Homeless,False,2,0,17,0.11,0,3,4.7,Weekly,2.1,1,0,Active
DC-101038,Demo1038,Participant1038,Male,White,Hispanic,Divorced,34,Employed Full-Time,2053.78,Associate's,0,Unstable Housing,False,0,0,19,0.0,0,9,2.7,Weekly,4.4,10,0,Graduated
DC-101039,Demo1039,Participant1039,Male,White,Hispanic,Divorced,41,Unemployed,585.03,Less than High School,1,Unstable Housing,False,2,0,19,0.09,1,6,4.3,Monthly,7.1,7,0,Active
DC-101040,Demo1040,Participant1040,Male,Black/African American,Non-Hispanic,Separated,43,Unemployed,423.03,Bachelor's,0,Unstable Housing,False,5,1,16,0.19,2,3,6.3,Never,10.6,4,1,Active
DC-101041,Demo1041,Participant1041,Female,White,Non-Hispanic,Single,23,Unemployed,699.31,High School/GED,0,Stable Housing,False,6,1,19,1.5,1,1,5.4,Monthly,1.7,7,0,Active
DC-101042,Demo1042,Participant1042,Male,Black/African American,Non-Hispanic,Divorced,42,Unemployed,357.2,High School/GED,0,Stable Housing,False,3,0,16,0.12,1,6,4.8,Weekly,13.8,3,0,Graduated
DC-101043,Demo1043,Participant1043,Male,Other,Hispanic,Single,22,Unemployed,292.28,Less than High School,4,Transitional Housing,False,1,0,18,0.25,0,4,5.7,Rarely,1.0,6,1,Active
DC-101044,Demo1044,Participant1044,Female,Hispanic/Latino,Hispanic,Divorced,39,Unemployed,0.0,Less than High School,5,Transitional Housing,True,1,0,17,0.05,0,4,3.1,Weekly,0.0,5,0,Active
DC-101045,Demo1045,Participant1045,Male,White,Non-Hispanic,Divorced,40,Employed Part-Time,1811.33,Some College,0,Homeless,False,3,0,13,0.11,1,6,4.4,Weekly,4.4,0,1,Graduated
DC-101046,Demo1046,Participant1046,Male,White,Non-Hispanic,Divorced,18,Unemployed,480.07,Associate's,0,Homeless,False,3,0,10,0.38,1,4,5.3,Daily,0.6,8,1,Pending
DC-101047,Demo1047,Participant1047,Male,Hispanic/Latino,Non-Hispanic,Single,34,Unemployed,647.14,High School/GED,1,Stable Housing,True,1,0,15,0.05,0,3,6.9,Weekly,0.2,7,1,Active
DC-101048,Demo1048,Participant1048,Female,Black/African American,Non-Hispanic,Divorced,29,Employed Full-Time,1879.19,Some College,0,Stable Housing,False,0,0,26,0.0,0,1,3.5,Weekly,7.7,9,0,Graduated
DC-101049,Demo1049,Participant1049,Male,White,Non-Hispanic,Single,26,Disabled,279.77,Some College,0,Transitional Housing,True,9,1,17,1.0,4,1,6.8,Weekly,4.7,5,1,Terminated
DC-101050,Demo1050,Participant1050,Female,White,Non-Hispanic,Single,47,Unemployed,222.28,Less than High School,0,Unstable Housing,False,1,0,22,0.04,0,3,4.3,Daily,0.3,3,1,Active
DC-101051,Demo1051,Participant1051,Male,Hispanic/Latino,Non-Hispanic,Divorced,27,Unemployed,298.41,Less than High School,1,Stable Housing,False,4,1,10,0.24,2,8,6.1,Monthly,4.5,1,0,Active
DC-101052,Demo1052,Participant1052,Female,Black/African American,Non-Hispanic,Single,25,Employed Full-Time,1922.09,Less than High School,0,Stable Housing,True,14,1,14,1.27,5,4,8.5,Monthly,5.6,1,0,Pending
DC-101053,Demo1053,Participant1053,Female,Hispanic/Latino,Non-Hispanic,Divorced,34,Unemployed,709.98,High School/GED,0,Stable Housing,False,1,0,13,0.05,0,4,3.7,Rarely,7.1,1,0,Pending
DC-101054,Demo1054,Participant1054,Non-binary/Other,Hispanic/Latino,Hispanic,Single,40,Employed Full-Time,1818.34,Less than High School,0,Stable Housing,False,1,0,18,0.05,0,11,3.2,Weekly,2.4,1,0,Active
DC-101055,Demo1055,Participant1055,Male,Black/African American,Non-Hispanic,Single,32,Employed Full-Time,4263.77,Less than High School,1,Transitional Housing,False,1,0,28,0.25,0,1,2.7,Rarely,3.6,4,0,Active
DC-101056,Demo1056,Participant1056,Female,White,Non-Hispanic,Divorced,45,Unemployed,908.15,Less than High School,5,With Family,False,0,0,20,0.0,0,4,3.4,Monthly,4.3,5,0,Terminated
DC-101057,Demo1057,Participant1057,Male,White,Non-Hispanic,Married,39,Unemployed,842.51,Less than High School,0,With Family,False,1,0,25,0.07,0,1,4.6,Weekly,3.5,2,0,Graduated
DC-101058,Demo1058,Participant1058,Male,White,Non-Hispanic,Single,18,Unemployed,564.1,Associate's,3,With Family,False,0,0,17,0.0,0,4,2.8,Daily,3.1,4,1,Active
DC-101059,Demo1059,Participant1059,Male,White,Non-Hispanic,Divorced,28,Employed Full-Time,3473.64,Less than High School,3,With Family,False,2,0,24,0.5,1,4,6.4,Daily,2.4,2,0,Active
DC-101060,Demo1060,Participant1060,Female,Black/African American,Non-Hispanic,Married,28,Unemployed,534.6,High School/GED,4,Unstable Housing,True,1,0,27,1.0,0,6,5.0,Weekly,2.0,5,1,Pending
DC-101061,Demo1061,Participant1061,Non-binary/Other,Black/African American,Non-Hispanic,Married,38,Employed Full-Time,3551.54,High School/GED,2,Stable Housing,False,6,1,18,0.3,2,3,4.6,Monthly,15.0,10,0,Active
DC-101062,Demo1062,Participant1062,Female,Hispanic/Latino,Non-Hispanic,Single,18,Student,650.99,High School/GED,2,Transitional Housing,True,5,1,16,2.5,2,4,3.0,Daily,1.2,5,0,Active
DC-101063,Demo1063,Participant1063,Male,White,Non-Hispanic,Divorced,59,Unemployed,810.55,Less than High School,3,Stable Housing,False,4,1,13,0.09,1,1,5.2,Daily,0.3,0,1,Active
DC-101064,Demo1064,Participant1064,Male,Black/African American,Non-Hispanic,Divorced,39,Unemployed,791.07,High School/GED,0,Stable Housing,False,0,0,17,0.0,0,10,4.5,Daily,4.3,3,1,Active
DC-101065,Demo1065,Participant1065,Female,Black/African American,Non-Hispanic,Divorced,35,Employed Part-Time,2030.94,Less than High School,1,Stable Housing,True,3,0,19,0.19,2,9,4.7,Weekly,0.7,6,0,Active
DC-101066,Demo1066,Participant1066,Male,Black/African American,Non-Hispanic,Single,45,Employed Full-Time,2796.43,High School/GED,5,Unstable Housing,False,2,0,27,0.11,1,2,3.7,Monthly,2.3,4,1,Active
DC-101067,Demo1067,Participant1067,Male,Black/African American,Non-Hispanic,Divorced,57,Student,791.97,Less than High School,2,Stable Housing,True,14,3,13,0.32,5,3,9.5,Rarely,0.3,9,1,Active
DC-101068,Demo1068,Participant1068,Male,White,Non-Hispanic,Divorced,42,Employed Part-Time,0.0,High School/GED,4,Stable Housing,False,2,0,19,0.09,0,8,2.9,Daily,2.9,0,1,Terminated
DC-101069,Demo1069,Participant1069,Male,White,Non-Hispanic,Divorced,43,Unemployed,481.99,Some College,2,Unstable Housing,False,2,0,11,0.06,1,4,4.2,Never,8.6,2,0,Active
DC-101070,Demo1070,Participant1070,Male,White,Non-Hispanic,Single,35,Unemployed,123.84,High School/GED,3,With Family,False,6,1,17,0.33,3,0,5.7,Monthly,3.8,1,1,Active
DC-101071,Demo1071,Participant1071,Male,White,Non-Hispanic,Divorced,32,Employed Full-Time,2636.39,High School/GED,2,Unstable Housing,False,6,0,20,0.5,3,4,5.0,Weekly,0.7,6,1,Active
DC-101072,Demo1072,Participant1072,Male,White,Non-Hispanic,Divorced,29,Unemployed,787.06,High School/GED,2,With Family,False,0,0,21,0.0,0,3,5.1,Never,10.6,3,1,Active
DC-101073,Demo1073,Participant1073,Male,Black/African American,Non-Hispanic,Single,25,Unemployed,1141.63,Some College,1,Stable Housing,False,3,0,21,0.75,1,2,4.2,Daily,1.1,1,1,Active
DC-101074,Demo1074,Participant1074,Non-binary/Other,Native American,Non-Hispanic,Single,27,Employed Part-Time,1444.91,Less than High School,3,Stable Housing,False,9,2,20,1.29,2,3,8.2,Monthly,1.7,2,1,Graduated
DC-101075,Demo1075,Participant1075,Male,Black/African American,Non-Hispanic,Separated,20,Employed Full-Time,3747.42,Some College,2,Unstable Housing,False,5,0,21,5.0,3,5,5.8,Never,2.1,3,1,Active
DC-101076,Demo1076,Participant1076,Male,Black/African American,Hispanic,Single,33,Employed Full-Time,3742.6,Some College,3,Unstable Housing,False,0,0,19,0.0,0,2,1.9,Daily,14.0,10,1,Active
DC-101077,Demo1077,Participant1077,Male,White,Non-Hispanic,Separated,18,Disabled,1006.74,High School/GED,2,Homeless,False,1,0,14,0.25,0,5,4.1,Monthly,0.2,2,0,Terminated
DC-101078,Demo1078,Participant1078,Male,Black/African American,Non-Hispanic,Divorced,35,Unemployed,589.52,High School/GED,0,Transitional Housing,False,2,0,11,0.08,1,9,5.7,Daily,3.6,1,1,Active
DC-101079,Demo1079,Participant1079,Female,White,Non-Hispanic,Married,33,Employed Part-Time,1456.62,High School/GED,0,Transitional Housing,False,9,2,16,0.53,4,1,6.7,Weekly,1.3,3,0,Active
DC-101080,Demo1080,Participant1080,Female,White,Non-Hispanic,Single,35,Employed Full-Time,3410.97,Less than High School,4,With Family,False,1,0,18,0.06,0,6,3.3,Weekly,0.2,2,0,Terminated
DC-101081,Demo1081,Participant1081,Male,White,Non-Hispanic,Single,28,Unemployed,478.61,Less than High School,1,Unstable Housing,False,4,1,24,1.0,3,4,7.9,Monthly,8.2,4,0,Terminated
DC-101082,Demo1082,Participant1082,Male,White,Non-Hispanic,Separated,64,Unemployed,232.68,Less than High School,0,Stable Housing,True,1,0,18,0.02,0,6,5.2,Weekly,2.7,3,1,Terminated
DC-101083,Demo1083,Participant1083,Female,White,Hispanic,Single,47,Unemployed,332.17,Less than High School,0,Unstable Housing,False,0,0,18,0.0,0,1,3.9,Monthly,4.2,5,0,Active
DC-101084,Demo1084,Participant1084,Female,White,Non-Hispanic,Divorced,21,Employed Part-Time,1794.19,High School/GED,2,Stable Housing,False,2,0,20,2.0,1,3,4.6,Daily,0.8,8,1,Pending
DC-101085,Demo1085,Participant1085,Male,White,Non-Hispanic,Single,36,Employed Full-Time,2202.25,Some College,3,Stable Housing,False,2,0,17,0.11,1,0,3.7,Never,4.3,1,0,Terminated
DC-101086,Demo1086,Participant1086,Male,Other,Non-Hispanic,Single,27,Unemployed,632.33,Less than High School,2,Stable Housing,False,5,0,22,1.0,2,0,6.8,Monthly,5.3,6,1,Active
DC-101087,Demo1087,Participant1087,Male,White,Non-Hispanic,Single,23,Student,525.03,Associate's,2,Unstable Housing,False,4,0,26,4.0,1,3,2.6,Daily,1.7,8,1,Active
DC-101088,Demo1088,Participant1088,Non-binary/Other,White,Non-Hispanic,Married,20,Employed Full-Time,4234.1,Bachelor's,0,Stable Housing,False,0,0,27,0.0,0,2,2.9,Weekly,2.5,2,0,Active
DC-101089,Demo1089,Participant1089,Male,White,Non-Hispanic,Widowed,38,Unemployed,684.07,Bachelor's,0,Stable Housing,False,0,0,19,0.0,0,4,1.7,Weekly,10.7,0,0,Active
DC-101090,Demo1090,Participant1090,Female,Black/African American,Non-Hispanic,Single,27,Unemployed,687.65,Some College,0,Homeless,False,0,0,20,0.0,0,0,5.5,Weekly,5.6,6,0,Active
DC-101091,Demo1091,Participant1091,Male,White,Non-Hispanic,Single,43,Unemployed,634.45,High School/GED,3,Homeless,True,7,2,25,0.39,2,3,8.9,Never,1.8,5,1,Active
DC-101092,Demo1092,Participant1092,Male,White,Hispanic,Single,43,Employed Part-Time,1568.41,Less than High School,0,Homeless,False,1,0,18,0.04,0,3,6.3,Never,3.3,1,0,Active
DC-101093,Demo1093,Participant1093,Male,White,Hispanic,Married,47,Unemployed,606.93,High School/GED,2,Homeless,False,10,2,21,0.38,7,5,10.0,Daily,4.6,3,1,Active
DC-101094,Demo1094,Participant1094,Male,White,Non-Hispanic,Single,25,Unemployed,306.62,High School/GED,1,Stable Housing,False,3,0,14,0.27,1,10,4.5,Monthly,0.1,4,0,Active
DC-101095,Demo1095,Participant1095,Male,White,Non-Hispanic,Divorced,38,Unemployed,416.27,Some College,1,Stable Housing,True,7,1,17,0.33,4,3,6.7,Monthly,2.7,1,1,Active
DC-101096,Demo1096,Participant1096,Male,White,Non-Hispanic,Married,40,Employed Part-Time,1101.37,Graduate,3,Stable Housing,True,4,0,23,0.24,3,7,5.0,Weekly,12.5,5,0,Active
DC-101097,Demo1097,Participant1097,Male,White,Hispanic,Married,29,Employed Full-Time,3025.75,High School/GED,0,Transitional Housing,True,3,0,16,0.23,1,7,3.6,Monthly,8.8,5,0,Graduated
DC-101098,Demo1098,Participant1098,Female,White,Non-Hispanic,Single,26,Employed Full-Time,1845.13,High School/GED,2,Transitional Housing,True,4,1,18,0.5,1,2,5.1,Weekly,5.4,7,1,Active
DC-101099,Demo1099,Participant1099,Male,White,Non-Hispanic,Widowed,50,Unemployed,350.98,Less than High School,0,Stable Housing,False,11,2,12,0.29,6,9,10.0,Weekly,0.3,4,0,Active
DC-101100,Demo1100,Participant1100,Male,Hispanic/Latino,Non-Hispanic,Single,36,Employed Full-Time,3150.64,Less than High School,0,Stable Housing,False,5,1,27,0.56,2,1,4.7,Daily,15.0,4,1,Active
DC-101101,Demo1101,Participant1101,Female,Black/African American,Non-Hispanic,Single,40,Unemployed,408.94,High School/GED,1,With Family,False,2,0,24,0.12,1,2,4.2,Monthly,2.8,4,0,Terminated
DC-101102,Demo1102,Participant1102,Female,White,Hispanic,Divorced,25,Employed Part-Time,1622.44,High School/GED,0,Unstable Housing,False,6,0,19,1.0,1,3,5.1,Monthly,0.8,2,1,Active
DC-101103,Demo1103,Participant1103,Female,White,Non-Hispanic,Married,21,Unemployed,174.04,Some College,2,Transitional Housing,False,0,0,21,0.0,0,3,7.0,Daily,3.4,6,1,Terminated
DC-101104,Demo1104,Participant1104,Non-binary/Other,Native American,Hispanic,Single,28,Unemployed,634.34,High School/GED,1,Stable Housing,False,7,1,20,0.88,3,2,7.7,Monthly,5.8,5,1,Active
DC-101105,Demo1105,Participant1105,Male,White,Non-Hispanic,Single,32,Employed Part-Time,805.18,Associate's,0,Stable Housing,False,3,0,24,0.38,1,5,5.3,Weekly,0.4,7,1,Active
DC-101106,Demo1106,Participant1106,Male,White,Hispanic,Divorced,23,Employed Full-Time,1199.96,High School/GED,0,Transitional Housing,False,5,1,16,0.71,2,5,6.3,Daily,7.4,6,1,Active
DC-101107,Demo1107,Participant1107,Female,Black/African American,Non-Hispanic,Single,33,Employed Part-Time,814.04,Some College,1,Homeless,False,3,1,21,0.25,1,5,7.0,Weekly,7.6,4,1,Active
DC-101108,Demo1108,Participant1108,Female,White,Non-Hispanic,Divorced,18,Unemployed,72.54,Less than High School,2,Homeless,False,5,1,23,5.0,2,2,8.3,Weekly,0.0,1,1,Active
DC-101109,Demo1109,Participant1109,Male,White,Non-Hispanic,Married,22,Unemployed,524.66,Some College,1,Unstable Housing,True,1,0,23,1.0,0,0,4.6,Monthly,6.9,8,0,Terminated
DC-101110,Demo1110,Participant1110,Female,White,Non-Hispanic,Single,40,Employed Part-Time,1130.45,Some College,1,Unstable Housing,False,6,0,10,0.2,4,5,3.9,Daily,8.8,2,1,Active
DC-101111,Demo1111,Participant1111,Male,Hispanic/Latino,Non-Hispanic,Single,40,Unemployed,623.87,Less than High School,2,Transitional Housing,False,5,0,16,0.21,3,0,6.2,Rarely,0.1,9,1,Active
DC-101112,Demo1112,Participant1112,Male,White,Hispanic,Single,30,Employed Full-Time,3358.58,Less than High School,1,Stable Housing,False,0,0,14,0.0,0,2,2.9,Daily,1.0,3,1,Graduated
DC-101113,Demo1113,Participant1113,Male,Black/African American,Non-Hispanic,Divorced,23,Employed Full-Time,2411.42,Associate's,0,Stable Housing,False,6,1,19,1.5,4,5,6.4,Rarely,1.4,1,1,Active
DC-101114,Demo1114,Participant1114,Male,Other,Non-Hispanic,Married,23,Employed Full-Time,2808.52,Less than High School,1,With Family,False,5,1,10,0.38,3,10,5.4,Daily,1.3,7,0,Active
DC-101115,Demo1115,Participant1115,Male,White,Hispanic,Single,30,Disabled,434.19,High School/GED,1,Stable Housing,True,2,0,10,0.1,0,3,4.6,Weekly,4.3,6,0,Active
DC-101116,Demo1116,Participant1116,Male,White,Non-Hispanic,Married,40,Employed Full-Time,1909.92,High School/GED,2,Unstable Housing,False,0,0,27,0.0,0,2,3.9,Rarely,1.3,6,0,Active
DC-101117,Demo1117,Participant1117,Female,White,Non-Hispanic,Widowed,43,Employed Part-Time,1470.6,Some College,1,Homeless,True,2,0,21,0.09,1,10,2.4,Weekly,9.4,0,1,Active
DC-101118,Demo1118,Participant1118,Male,White,Non-Hispanic,Single,29,Employed Part-Time,1036.26,Some College,4,With Family,False,7,2,19,0.7,4,0,6.4,Monthly,15.0,7,1,Active
DC-101119,Demo1119,Participant1119,Male,White,Non-Hispanic,Separated,22,Employed Full-Time,3079.29,High School/GED,0,Unstable Housing,False,4,0,20,2.0,1,5,2.7,Rarely,1.1,4,1,Active
DC-101120,Demo1120,Participant1120,Female,Hispanic/Latino,Non-Hispanic,Single,36,Unemployed,412.27,High School/GED,4,Unstable Housing,True,4,1,19,0.24,2,2,6.1,Monthly,2.1,3,1,Pending
DC-101121,Demo1121,Participant1121,Female,Black/African American,Non-Hispanic,Single,25,Employed Full-Time,3027.26,Bachelor's,1,Transitional Housing,False,2,0,22,0.67,0,5,3.5,Daily,2.4,8,0,Pending
DC-101122,Demo1122,Participant1122,Female,Black/African American,Non-Hispanic,Single,28,Employed Full-Time,2900.09,Some College,2,Transitional Housing,True,1,0,16,0.08,0,5,4.8,Rarely,2.6,5,0,Active
DC-101123,Demo1123,Participant1123,Female,White,Non-Hispanic,Single,47,Unemployed,380.31,Associate's,0,Transitional Housing,True,2,0,19,0.07,0,2,4.8,Daily,1.4,1,1,Active
DC-101124,Demo1124,Participant1124,Male,Hispanic/Latino,Non-Hispanic,Single,42,Employed Part-Time,1648.68,High School/GED,1,Unstable Housing,False,0,0,19,0.0,0,7,2.5,Never,0.5,3,0,Active
DC-101125,Demo1125,Participant1125,Male,Native American,Non-Hispanic,Single,35,Unemployed,615.71,Less than High School,2,Stable Housing,True,2,0,14,0.1,0,3,5.5,Weekly,0.2,4,1,Active
DC-101126,Demo1126,Participant1126,Male,Hispanic/Latino,Hispanic,Separated,21,Unemployed,913.64,High School/GED,2,Homeless,False,3,0,24,3.0,2,7,6.2,Daily,0.3,7,1,Graduated
DC-101127,Demo1127,Participant1127,Male,White,Non-Hispanic,Divorced,36,Employed Part-Time,1307.52,Some College,0,With Family,True,0,0,17,0.0,0,2,2.5,Daily,6.9,2,0,Active
DC-101128,Demo1128,Participant1128,Male,Black/African American,Hispanic,Divorced,44,Unemployed,714.37,Less than High School,1,With Family,True,3,1,23,0.14,1,4,5.9,Rarely,1.0,6,1,Terminated
DC-101129,Demo1129,Participant1129,Male,White,Non-Hispanic,Single,30,Employed Full-Time,3218.28,Less than High School,0,Stable Housing,False,5,1,19,0.45,1,1,7.1,Weekly,0.2,6,0,Active
DC-101130,Demo1130,Participant1130,Female,White,Non-Hispanic,Single,47,Unemployed,571.14,Less than High School,5,Unstable Housing,False,1,0,25,0.05,0,10,5.1,Rarely,2.9,1,0,Active
DC-101131,Demo1131,Participant1131,Male,White,Non-Hispanic,Single,46,Unemployed,677.68,High School/GED,3,Unstable Housing,True,2,0,14,0.06,1,1,5.2,Monthly,0.2,0,1,Active
DC-101132,Demo1132,Participant1132,Male,Black/African American,Non-Hispanic,Divorced,50,Employed Part-Time,313.67,Some College,0,With Family,False,2,0,14,0.06,0,6,6.6,Weekly,0.2,4,1,Graduated
DC-101133,Demo1133,Participant1133,Male,Black/African American,Non-Hispanic,Separated,37,Unemployed,225.13,Less than High School,3,Homeless,False,2,0,15,0.09,0,4,5.4,Monthly,2.9,6,0,Pending
DC-101134,Demo1134,Participant1134,Female,White,Non-Hispanic,Single,39,Unemployed,1030.09,Some College,3,Unstable Housing,False,6,2,19,0.3,3,2,6.4,Monthly,2.7,4,1,Active
DC-101135,Demo1135,Participant1135,Male,White,Non-Hispanic,Single,48,Student,42.1,Associate's,0,Stable Housing,True,3,0,25,0.13,1,3,4.3,Rarely,0.1,6,0,Active
DC-101136,Demo1136,Participant1136,Female,White,Non-Hispanic,Married,38,Unemployed,394.56,Less than High School,2,Unstable Housing,False,1,0,25,0.08,0,6,5.7,Never,1.9,4,1,Pending
DC-101137,Demo1137,Participant1137,Male,White,Non-Hispanic,Single,28,Unemployed,571.72,Some College,1,Stable Housing,False,6,1,10,0.33,2,7,5.8,Rarely,1.7,5,0,Active
DC-101138,Demo1138,Participant1138,Male,White,Non-Hispanic,Single,29,Employed Part-Time,609.34,Bachelor's,2,Transitional Housing,True,1,0,19,0.1,0,4,5.2,Daily,2.4,0,0,Active
DC-101139,Demo1139,Participant1139,Male,White,Non-Hispanic,Married,36,Employed Part-Time,1623.12,Bachelor's,0,Transitional Housing,False,3,0,10,0.12,1,3,2.8,Never,4.0,0,0,Active
DC-101140,Demo1140,Participant1140,Female,Black/African American,Non-Hispanic,Divorced,21,Unemployed,42.51,Less than High School,0,Unstable Housing,False,3,0,22,3.0,2,0,4.9,Weekly,1.0,5,1,Active
DC-101141,Demo1141,Participant1141,Male,White,Non-Hispanic,Single,32,Employed Part-Time,1044.57,Less than High School,1,Unstable Housing,False,3,0,23,0.33,0,3,4.4,Daily,1.7,6,1,Active
DC-101142,Demo1142,Participant1142,Male,White,Non-Hispanic,Single,44,Disabled,0.0,Less than High School,0,With Family,False,4,1,18,0.15,1,8,4.2,Weekly,4.7,4,1,Active
DC-101143,Demo1143,Participant1143,Male,White,Non-Hispanic,Widowed,18,Employed Part-Time,1351.22,Some College,3,Stable Housing,False,1,0,19,1.0,0,4,2.8,Weekly,7.7,4,0,Active
DC-101144,Demo1144,Participant1144,Male,Native American,Non-Hispanic,Single,49,Employed Part-Time,2183.95,Some College,0,Stable Housing,False,3,0,19,0.1,2,0,5.0,Weekly,6.7,4,1,Active
DC-101145,Demo1145,Participant1145,Female,Black/African American,Non-Hispanic,Single,45,Employed Part-Time,1512.6,Some College,1,With Family,False,1,0,15,0.03,0,4,4.8,Weekly,1.9,0,1,Active
DC-101146,Demo1146,Participant1146,Female,Black/African American,Non-Hispanic,Single,29,Unemployed,636.19,High School/GED,3,Transitional Housing,False,4,1,20,0.44,3,2,3.8,Monthly,2.2,5,1,Active
DC-101147,Demo1147,Participant1147,Male,White,Non-Hispanic,Single,39,Unemployed,913.21,Less than High School,1,Transitional Housing,False,6,2,18,0.29,3,4,7.4,Daily,2.3,3,1,Terminated
DC-101148,Demo1148,Participant1148,Female,Black/African American,Non-Hispanic,Single,34,Unemployed,775.15,High School/GED,1,Stable Housing,False,1,0,22,0.08,0,3,4.1,Daily,6.1,4,0,Pending
DC-101149,Demo1149,Participant1149,Female,White,Non-Hispanic,Divorced,46,Employed Part-Time,1749.79,High School/GED,4,Stable Housing,False,4,0,18,0.14,2,2,4.7,Weekly,5.5,4,0,Active
DC-101150,Demo1150,Participant1150,Female,Black/African American,Non-Hispanic,Single,43,Unemployed,177.31,Some College,3,Stable Housing,False,8,2,15,0.29,3,2,7.7,Rarely,1.1,6,1,Active
DC-101151,Demo1151,Participant1151,Female,Hispanic/Latino,Non-Hispanic,Single,19,Employed Full-Time,2343.68,High School/GED,0,Stable Housing,True,0,0,12,0.0,0,1,1.7,Weekly,0.5,2,0,Active
DC-101152,Demo1152,Participant1152,Female,Black/African American,Non-Hispanic,Divorced,39,Unemployed,152.37,High School/GED,1,Transitional Housing,False,14,3,11,0.5,6,4,10.0,Weekly,1.4,2,1,Active
DC-101153,Demo1153,Participant1153,Female,Hispanic/Latino,Non-Hispanic,Married,31,Unemployed,988.56,High School/GED,4,Stable Housing,False,4,0,24,0.57,2,2,6.6,Daily,1.0,2,0,Terminated
DC-101154,Demo1154,Participant1154,Male,Black/African American,Non-Hispanic,Divorced,34,Employed Part-Time,1260.66,Less than High School,0,Transitional Housing,False,3,0,17,0.18,2,4,4.1,Weekly,9.0,6,0,Active
DC-101155,Demo1155,Participant1155,Female,White,Non-Hispanic,Divorced,26,Unemployed,958.55,Less than High School,0,Stable Housing,False,1,0,20,0.17,0,3,3.7,Weekly,0.9,3,1,Active
DC-101156,Demo1156,Participant1156,Male,Hispanic/Latino,Non-Hispanic,Single,51,Unemployed,455.94,Less than High School,0,Unstable Housing,False,2,0,26,0.08,0,4,4.0,Weekly,0.6,1,1,Active
DC-101157,Demo1157,Participant1157,Female,White,Non-Hispanic,Divorced,44,Employed Full-Time,3405.7,High School/GED,0,With Family,True,2,0,16,0.07,1,7,1.2,Never,6.9,10,0,Active
DC-101158,Demo1158,Participant1158,Female,White,Non-Hispanic,Single,26,Unemployed,662.8,Less than High School,2,Stable Housing,False,9,2,16,0.9,5,4,8.8,Daily,0.3,3,1,Active
DC-101159,Demo1159,Participant1159,Male,White,Non-Hispanic,Widowed,20,Unemployed,586.49,Less than High School,2,Stable Housing,False,4,0,18,2.0,2,5,6.2,Monthly,0.9,0,1,Graduated
DC-101160,Demo1160,Participant1160,Female,White,Non-Hispanic,Married,30,Employed Part-Time,1521.97,Some College,4,Stable Housing,False,4,0,19,0.36,1,2,4.7,Weekly,1.7,5,1,Pending
DC-101161,Demo1161,Participant1161,Male,White,Non-Hispanic,Widowed,38,Employed Full-Time,3633.88,High School/GED,2,Stable Housing,False,0,0,26,0.0,0,9,2.9,Rarely,2.7,5,0,Active
DC-101162,Demo1162,Participant1162,Male,White,Non-Hispanic,Divorced,36,Unemployed,322.15,Some College,0,Unstable Housing,True,0,0,25,0.0,0,1,3.9,Rarely,1.2,3,1,Active
DC-101163,Demo1163,Participant1163,Female,White,Non-Hispanic,Single,46,Unemployed,237.17,Some College,0,Stable Housing,False,0,0,21,0.0,0,4,2.9,Never,2.1,5,0,Active
DC-101164,Demo1164,Participant1164,Male,Black/African American,Non-Hispanic,Married,41,Unemployed,972.85,High School/GED,5,Homeless,False,1,0,24,0.06,0,3,5.2,Daily,0.7,1,0,Active
DC-101165,Demo1165,Participant1165,Female,White,Non-Hispanic,Widowed,43,Unemployed,818.15,Bachelor's,0,Transitional Housing,False,7,1,18,0.28,2,8,6.9,Weekly,2.6,2,0,Active
DC-101166,Demo1166,Participant1166,Female,White,Non-Hispanic,Divorced,37,Unemployed,619.77,Less than High School,0,Unstable Housing,False,0,0,20,0.0,0,10,4.5,Monthly,1.6,1,0,Terminated
DC-101167,Demo1167,Participant1167,Male,Black/African American,Non-Hispanic,Single,20,Student,1099.54,Some College,3,Stable Housing,False,3,0,17,1.0,2,7,5.6,Daily,5.7,2,0,Active
DC-101168,Demo1168,Participant1168,Male,White,Non-Hispanic,Divorced,32,Unemployed,519.67,Bachelor's,1,Homeless,True,1,0,13,0.05,0,10,5.5,Weekly,1.6,4,0,Active
DC-101169,Demo1169,Participant1169,Male,Black/African American,Non-Hispanic,Single,44,Unemployed,996.81,Some College,0,Stable Housing,False,1,0,23,0.05,0,3,3.2,Weekly,1.8,3,0,Active
DC-101170,Demo1170,Participant1170,Male,Black/African American,Non-Hispanic,Single,33,Employed Full-Time,2871.85,Less than High School,3,Homeless,False,3,0,21,0.25,1,5,5.7,Weekly,2.7,4,0,Active
DC-101171,Demo1171,Participant1171,Non-binary/Other,Hispanic/Latino,Non-Hispanic,Single,39,Employed Part-Time,1255.54,High School/GED,5,Homeless,False,1,0,19,0.05,0,6,6.9,Never,0.4,3,1,Graduated
DC-101172,Demo1172,Participant1172,Male,Black/African American,Non-Hispanic,Single,30,Employed Part-Time,1532.6,Less than High School,0,Stable Housing,True,5,1,18,0.42,2,1,4.5,Monthly,0.5,2,0,Active
DC-101173,Demo1173,Participant1173,Male,White,Hispanic,Divorced,23,Unemployed,897.21,High School/GED,3,Transitional Housing,False,1,0,12,0.09,0,0,5.1,Rarely,4.7,1,0,Terminated
DC-101174,Demo1174,Participant1174,Male,Black/African American,Hispanic,Single,32,Unemployed,563.69,Some College,1,With Family,False,7,2,15,0.41,4,7,8.9,Weekly,1.0,1,1,Active
DC-101175,Demo1175,Participant1175,Male,White,Non-Hispanic,Divorced,37,Employed Full-Time,2695.45,High School/GED,1,Transitional Housing,False,2,0,20,0.12,1,2,3.4,Monthly,3.5,1,0,Active
DC-101176,Demo1176,Participant1176,Female,White,Non-Hispanic,Single,27,Employed Full-Time,1142.77,High School/GED,3,Stable Housing,True,4,0,16,0.36,2,7,3.9,Weekly,0.3,5,1,Active
DC-101177,Demo1177,Participant1177,Male,Black/African American,Non-Hispanic,Single,31,Unemployed,848.74,Some College,4,Unstable Housing,False,13,3,18,1.0,8,5,10.0,Monthly,5.2,6,1,Active
DC-101178,Demo1178,Participant1178,Female,White,Non-Hispanic,Single,24,Employed Full-Time,2114.49,High School/GED,0,With Family,True,5,1,18,0.83,3,9,5.9,Rarely,13.3,5,0,Active
DC-101179,Demo1179,Participant1179,Male,Black/African American,Non-Hispanic,Single,45,Unemployed,294.06,Some College,0,Stable Housing,True,4,0,16,0.14,1,2,6.1,Daily,1.4,5,1,Active
DC-101180,Demo1180,Participant1180,Female,Hispanic/Latino,Non-Hispanic,Single,31,Unemployed,893.78,Some College,0,Transitional Housing,False,7,1,15,0.44,5,0,9.2,Daily,2.1,2,1,Active
DC-101181,Demo1181,Participant1181,Male,Hispanic/Latino,Non-Hispanic,Single,48,Unemployed,525.1,Less than High School,1,Stable Housing,False,2,0,12,0.06,1,7,4.8,Rarely,1.8,5,1,Active
DC-101182,Demo1182,Participant1182,Male,Hispanic/Latino,Non-Hispanic,Married,49,Employed Full-Time,3542.88,High School/GED,0,Stable Housing,False,5,1,18,0.16,2,2,4.3,Daily,6.7,4,1,Active
DC-101183,Demo1183,Participant1183,Female,White,Non-Hispanic,Single,33,Employed Full-Time,2496.63,Less than High School,1,Transitional Housing,False,3,0,21,0.25,1,4,4.3,Weekly,0.0,0,0,Graduated
DC-101184,Demo1184,Participant1184,Male,White,Non-Hispanic,Single,23,Unemployed,1154.36,High School/GED,0,Transitional Housing,False,6,0,12,0.55,2,2,6.4,Daily,3.2,8,0,Pending
DC-101185,Demo1185,Participant1185,Female,Black/African American,Non-Hispanic,Single,18,Disabled,957.16,Bachelor's,1,Transitional Housing,False,0,0,18,0.0,0,11,4.3,Rarely,3.2,0,1,Active
DC-101186,Demo1186,Participant1186,Female,White,Non-Hispanic,Divorced,19,Unemployed,539.79,Some College,0,With Family,False,3,0,20,3.0,1,3,4.8,Rarely,1.4,3,1,Terminated
DC-101187,Demo1187,Participant1187,Male,Black/African American,Non-Hispanic,Separated,20,Employed Part-Time,1002.83,High School/GED,3,Stable Housing,False,3,1,15,0.6,1,6,4.3,Daily,0.7,3,0,Terminated
DC-101188,Demo1188,Participant1188,Male,Black/African American,Non-Hispanic,Married,47,Unemployed,908.88,High School/GED,0,Stable Housing,True,0,0,24,0.0,0,7,2.4,Daily,0.8,7,1,Active
DC-101189,Demo1189,Participant1189,Female,Black/African American,Non-Hispanic,Single,35,Disabled,1194.74,Less than High School,0,With Family,True,0,0,17,0.0,0,1,3.5,Weekly,4.8,8,0,Active
DC-101190,Demo1190,Participant1190,Male,White,Hispanic,Single,37,Unemployed,886.13,High School/GED,3,Stable Housing,False,0,0,18,0.0,0,3,7.1,Daily,0.2,8,1,Active
DC-101191,Demo1191,Participant1191,Male,White,Non-Hispanic,Separated,18,Student,1251.54,Less than High School,2,Homeless,False,5,1,18,5.0,1,7,6.8,Weekly,2.5,4,1,Active
DC-101192,Demo1192,Participant1192,Male,White,Non-Hispanic,Single,22,Employed Full-Time,3739.53,High School/GED,0,Unstable Housing,True,1,0,11,0.09,0,1,3.9,Rarely,1.1,5,0,Active
DC-101193,Demo1193,Participant1193,Male,White,Non-Hispanic,Single,42,Employed Full-Time,1446.14,Less than High School,0,Stable Housing,False,8,1,23,0.42,3,1,6.2,Monthly,0.9,0,0,Active
DC-101194,Demo1194,Participant1194,Male,Hispanic/Latino,Non-Hispanic,Single,36,Unemployed,243.32,High School/GED,2,Stable Housing,False,10,1,15,0.48,5,0,7.0,Rarely,2.1,3,1,Active
DC-101195,Demo1195,Participant1195,Female,White,Non-Hispanic,Single,32,Unemployed,732.53,Less than High School,1,Unstable Housing,False,1,0,18,0.07,0,1,4.6,Daily,6.8,7,1,Graduated
DC-101196,Demo1196,Participant1196,Female,White,Non-Hispanic,Single,39,Employed Part-Time,1222.6,Bachelor's,2,Transitional Housing,True,8,2,21,0.44,2,3,7.2,Daily,2.9,3,1,Active
DC-101197,Demo1197,Participant1197,Female,White,Non-Hispanic,Divorced,50,Employed Part-Time,1150.03,Some College,1,Homeless,False,3,0,24,0.12,0,3,3.3,Weekly,4.7,0,0,Graduated
DC-101198,Demo1198,Participant1198,Female,Black/African American,Non-Hispanic,Single,31,Unemployed,842.78,High School/GED,0,Homeless,False,0,0,14,0.0,0,2,6.9,Weekly,2.8,1,1,Pending
DC-101199,Demo1199,Participant1199,Male,Black/African American,Non-Hispanic,Married,34,Employed Full-Time,2670.81,Less than High School,1,Unstable Housing,False,11,1,17,0.65,4,12,8.3,Weekly,3.6,3,0,Graduated
